2.99885,1.649,0.206
3.00895,1.985,0.226
3.01905,1.753,0.213
3.02915,1.546,0.200
3.03925,1.314,0.184
3.04935,1.830,0.217
3.05945,1.366,0.188
3.06955,1.727,0.211
3.07965,1.778,0.214
3.08975,1.804,0.216
3.09990,1.443,0.193
3.11000,1.701,0.209
3.12010,1.701,0.209
3.13020,1.624,0.205
3.14030,1.624,0.205
3.15040,1.392,0.189
3.16050,1.624,0.205
3.17060,1.366,0.188
3.18070,1.649,0.206
3.19080,1.856,0.219
3.20090,1.856,0.219
3.21100,1.546,0.200
3.22110,1.701,0.209
3.23120,1.237,0.179
3.24130,1.649,0.206
3.25145,1.314,0.184
3.26155,1.495,0.196
3.27165,1.753,0.213
3.28175,1.753,0.213
3.29185,1.572,0.201
3.30195,2.010,0.228
3.31205,1.418,0.191
3.32215,1.495,0.196
3.33225,1.675,0.208
3.34235,1.521,0.198
3.35245,1.727,0.211
3.36255,1.727,0.211
3.37265,1.933,0.223
3.38275,1.933,0.223
3.39290,1.521,0.198
3.40300,1.237,0.179
3.41310,2.036,0.229
3.42320,1.701,0.209
3.43330,1.340,0.186
3.44340,2.062,0.231
3.45350,2.062,0.231
3.46360,1.366,0.188
3.47370,1.392,0.189
3.48380,1.727,0.211
3.49390,1.598,0.203
3.50400,1.546,0.200
3.51410,1.108,0.169
3.52420,1.727,0.211
3.53435,1.598,0.203
3.54445,2.010,0.228
3.55455,1.675,0.208
3.56465,1.778,0.214
3.57475,2.242,0.240
3.58485,1.804,0.216
3.59495,2.088,0.232
3.60505,1.959,0.225
3.61515,1.675,0.208
3.62525,1.933,0.223
3.63535,2.062,0.231
3.64545,1.624,0.205
3.65555,2.216,0.239
3.66565,1.701,0.209
3.67575,2.474,0.253
3.68590,1.598,0.203
3.69600,1.572,0.201
3.70610,2.088,0.232
3.71620,2.242,0.240
3.72630,2.036,0.229
3.73640,2.139,0.235
3.74650,1.907,0.222
3.75660,2.216,0.239
3.76670,2.500,0.254
3.77680,2.088,0.232
3.78690,2.526,0.255
3.79700,1.753,0.213
3.80710,1.985,0.226
3.81720,2.500,0.254
3.82735,2.345,0.246
3.83745,2.139,0.235
3.84755,2.603,0.259
3.85765,1.933,0.223
3.86775,2.139,0.235
3.87785,2.500,0.254
3.88795,2.294,0.243
3.89805,2.345,0.246
3.90815,2.088,0.232
3.91825,2.165,0.236
3.92835,2.397,0.249
3.93845,2.320,0.245
3.94855,2.758,0.267
3.95865,2.397,0.249
3.96875,2.500,0.254
3.97890,2.577,0.258
3.98900,2.629,0.260
3.99910,2.010,0.228
4.00920,1.572,0.201
4.01930,17.088,0.664
4.02940,118.892,1.750
4.03950,167.345,2.077
4.04960,48.428,1.117
4.05970,5.567,0.379
4.06980,4.536,0.342
4.07990,5.851,0.388
4.09000,6.392,0.406
4.10010,5.851,0.388
4.11020,6.495,0.409
4.12035,8.170,0.459
4.13045,9.665,0.499
4.14055,10.696,0.525
4.15065,11.546,0.546
4.16075,14.098,0.603
4.17085,16.907,0.660
4.18095,19.871,0.716
4.19105,21.443,0.743
4.20115,25.722,0.814
4.21125,27.423,0.841
4.22135,33.686,0.932
4.23145,36.572,0.971
4.24155,44.536,1.071
4.25165,57.938,1.222
4.26180,78.660,1.424
4.27190,104.948,1.645
4.28200,136.366,1.875
4.29210,157.784,2.017
4.30220,189.227,2.208
4.31230,202.655,2.285
4.32240,226.031,2.414
4.33250,241.804,2.496
4.34260,264.639,2.612
4.35270,279.098,2.682
4.36280,294.897,2.757
4.37290,316.727,2.857
4.38300,339.227,2.957
4.39310,357.784,3.037
4.40320,403.144,3.223
4.41335,466.418,3.467
4.42345,596.546,3.921
4.43355,892.320,4.796
4.44365,1616.443,6.455
4.45375,5282.139,11.668
4.46385,12232.449,17.756
4.47395,12820.232,18.177
4.48405,6854.845,13.292
4.49415,1701.418,6.622
4.50425,809.897,4.569
4.51435,619.201,3.995
4.52445,504.381,3.605
4.53455,448.505,3.400
4.54465,394.794,3.190
4.55480,364.820,3.066
4.56490,346.392,2.988
4.57500,330.438,2.918
4.58510,310.103,2.827
4.59520,297.113,2.767
4.60530,277.784,2.676
4.61540,264.278,2.610
4.62550,245.541,2.516
4.63560,212.552,2.341
4.64570,182.577,2.169
4.65580,153.892,1.992
4.66590,133.943,1.858
4.67600,118.711,1.749
4.68610,109.820,1.682
4.69625,104.175,1.639
4.70635,94.046,1.557
4.71645,88.144,1.507
4.72655,79.330,1.430
4.73665,75.155,1.392
4.74675,67.139,1.315
4.75685,62.577,1.270
4.76695,57.577,1.218
4.77705,54.330,1.183
4.78715,48.041,1.113
4.79725,43.634,1.060
4.80735,38.222,0.993
4.81745,33.737,0.932
4.82755,30.232,0.883
4.83765,26.959,0.834
4.84780,24.098,0.788
4.85790,21.392,0.743
4.86800,18.557,0.692
4.87810,17.216,0.666
4.88820,15.747,0.637
4.89830,12.320,0.563
4.90840,11.495,0.544
4.91850,10.026,0.508
4.92860,9.149,0.486
4.93870,8.015,0.455
4.94880,8.144,0.458
4.95890,6.108,0.397
4.96900,5.335,0.371
4.97910,5.361,0.372
4.98925,4.845,0.353
4.99935,3.814,0.314
5.00945,4.072,0.324
5.01955,3.119,0.284
5.02965,3.170,0.286
5.03975,3.093,0.282
5.04985,3.170,0.286
5.05995,2.216,0.239
5.07005,2.526,0.255
5.08015,2.036,0.229
5.09025,2.139,0.235
5.10035,2.371,0.247
5.11045,1.933,0.223
5.12055,1.521,0.198
5.13065,1.753,0.213
5.14080,1.572,0.201
5.15090,1.418,0.191
5.16100,1.804,0.216
5.17110,2.010,0.228
5.18120,1.546,0.200
5.19130,2.010,0.228
5.20140,1.469,0.195
5.21150,1.856,0.219
5.22160,1.521,0.198
5.23170,1.727,0.211
5.24180,1.959,0.225
5.25190,1.753,0.213
5.26200,1.727,0.211
5.27210,0.876,0.150
5.28225,1.160,0.173
5.29235,1.005,0.161
5.30245,1.495,0.196
5.31255,1.082,0.167
5.32265,1.392,0.189
5.33275,1.443,0.193
5.34285,0.954,0.157
5.35295,1.778,0.214
5.36305,1.134,0.171
5.37315,2.010,0.228
5.38325,1.134,0.171
5.39335,0.954,0.157
5.40345,1.469,0.195
5.41355,1.392,0.189
5.42370,1.186,0.175
5.43380,1.237,0.179
5.44390,1.082,0.167
5.45400,1.211,0.177
5.46410,1.005,0.161
5.47420,1.211,0.177
5.48430,0.825,0.146
5.49440,1.521,0.198
5.50450,1.211,0.177
5.51460,1.211,0.177
5.52470,1.495,0.196
5.53480,0.773,0.141
5.54490,1.005,0.161
5.55500,1.572,0.201
5.56510,0.876,0.150
5.57525,1.675,0.208
5.58535,0.902,0.152
5.59545,1.443,0.193
5.60555,1.624,0.205
5.61565,0.902,0.152
5.62575,1.031,0.163
5.63585,1.211,0.177
5.64595,0.670,0.131
5.65605,1.057,0.165
5.66615,0.876,0.150
5.67625,0.799,0.143
5.68635,1.082,0.167
5.69645,1.186,0.175
5.70655,1.108,0.169
5.71670,1.134,0.171
5.72680,0.902,0.152
5.73690,1.134,0.171
5.74700,1.340,0.186
5.75710,1.418,0.191
5.76720,1.392,0.189
5.77730,1.263,0.180
5.78740,0.799,0.143
5.79750,0.902,0.152
5.80760,1.134,0.171
5.81770,0.825,0.146
5.82780,1.108,0.169
5.83790,0.876,0.150
5.84800,1.031,0.163
5.85810,1.211,0.177
5.86825,1.546,0.200
5.87835,0.876,0.150
5.88845,0.825,0.146
5.89855,0.876,0.150
5.90865,1.211,0.177
5.91875,0.928,0.155
5.92885,1.160,0.173
5.93895,0.851,0.148
5.94905,0.851,0.148
5.95915,0.876,0.150
5.96925,0.722,0.136
5.97935,0.825,0.146
5.98945,1.160,0.173
5.99955,1.057,0.165
6.00970,1.031,0.163
6.01980,1.340,0.186
6.02990,1.263,0.180
6.04000,0.876,0.150
6.05010,1.289,0.182
6.06020,0.954,0.157
6.07030,1.082,0.167
6.08040,1.263,0.180
6.09050,1.134,0.171
6.10060,0.876,0.150
6.11070,1.469,0.195
6.12080,1.495,0.196
6.13090,1.160,0.173
6.14100,1.521,0.198
6.15115,1.495,0.196
6.16125,0.954,0.157
6.17135,1.134,0.171
6.18145,1.314,0.184
6.19155,0.696,0.134
6.20165,1.237,0.179
6.21175,0.876,0.150
6.22185,0.876,0.150
6.23195,0.799,0.143
6.24205,1.366,0.188
6.25215,1.134,0.171
6.26225,0.799,0.143
6.27235,1.031,0.163
6.28245,1.521,0.198
6.29255,1.289,0.182
6.30270,0.902,0.152
6.31280,0.515,0.115
6.32290,0.876,0.150
6.33300,1.057,0.165
6.34310,0.722,0.136
6.35320,1.057,0.165
6.36330,0.541,0.118
6.37340,0.876,0.150
6.38350,1.211,0.177
6.39360,0.979,0.159
6.40370,0.954,0.157
6.41380,0.851,0.148
6.42390,1.340,0.186
6.43400,1.031,0.163
6.44415,0.851,0.148
6.45425,0.722,0.136
6.46435,1.160,0.173
6.47445,0.747,0.139
6.48455,1.082,0.167
6.49465,0.876,0.150
6.50475,0.979,0.159
6.51485,1.082,0.167
6.52495,1.211,0.177
6.53505,0.593,0.124
6.54515,1.289,0.182
6.55525,0.825,0.146
6.56535,0.928,0.155
6.57545,0.747,0.139
6.58555,1.134,0.171
6.59570,0.722,0.136
6.60580,1.186,0.175
6.61590,0.696,0.134
6.62600,0.619,0.126
6.63610,0.928,0.155
6.64620,1.237,0.179
6.65630,1.598,0.203
6.66640,1.933,0.223
6.67650,4.665,0.347
6.68660,5.619,0.381
6.69670,5.309,0.370
6.70680,2.964,0.276
6.71690,1.649,0.206
6.72700,0.670,0.131
6.73715,0.567,0.121
6.74725,1.031,0.163
6.75735,1.005,0.161
6.76745,1.031,0.163
6.77755,1.134,0.171
6.78765,0.644,0.129
6.79775,0.902,0.152
6.80785,0.902,0.152
6.81795,1.108,0.169
6.82805,0.773,0.141
6.83815,0.851,0.148
6.84825,1.082,0.167
6.85835,1.082,0.167
6.86845,1.340,0.186
6.87860,0.773,0.141
6.88870,1.263,0.180
6.89880,0.902,0.152
6.90890,0.851,0.148
6.91900,0.541,0.118
6.92910,0.979,0.159
6.93920,1.186,0.175
6.94930,1.134,0.171
6.95940,0.979,0.159
6.96950,0.747,0.139
6.97960,0.464,0.109
6.98970,0.644,0.129
6.99980,0.773,0.141
7.00990,0.928,0.155
7.02000,0.902,0.152
7.03015,0.670,0.131
7.04025,0.876,0.150
7.05035,1.366,0.188
7.06045,0.644,0.129
7.07055,1.263,0.180
7.08065,0.825,0.146
7.09075,0.799,0.143
7.10085,0.644,0.129
7.11095,0.825,0.146
7.12105,0.902,0.152
7.13115,1.005,0.161
7.14125,0.670,0.131
7.15135,0.747,0.139
7.16145,0.309,0.089
7.17160,0.954,0.157
7.18170,0.567,0.121
7.19180,1.031,0.163
7.20190,0.954,0.157
7.21200,1.031,0.163
7.22210,1.005,0.161
7.23220,0.928,0.155
7.24230,0.335,0.093
7.25240,0.825,0.146
7.26250,0.799,0.143
7.27260,0.515,0.115
7.28270,0.979,0.159
7.29280,0.722,0.136
7.30290,1.211,0.177
7.31300,1.005,0.161
7.32315,0.670,0.131
7.33325,0.670,0.131
7.34335,0.851,0.148
7.35345,0.928,0.155
7.36355,0.928,0.155
7.37365,0.696,0.134
7.38375,0.696,0.134
7.39385,0.799,0.143
7.40395,0.206,0.073
7.41405,0.979,0.159
7.42415,0.747,0.139
7.43425,1.160,0.173
7.44435,0.567,0.121
7.45445,0.722,0.136
7.46460,0.902,0.152
7.47470,0.644,0.129
7.48480,0.490,0.112
7.49490,0.928,0.155
7.50500,0.670,0.131
7.51510,0.979,0.159
7.52520,1.057,0.165
7.53530,0.851,0.148
7.54540,0.696,0.134
7.55550,0.954,0.157
7.56560,0.773,0.141
7.57570,0.567,0.121
7.58580,0.722,0.136
7.59590,0.490,0.112
7.60605,0.722,0.136
7.61615,0.515,0.115
7.62625,0.515,0.115
7.63635,0.799,0.143
7.64645,0.696,0.134
7.65655,0.799,0.143
7.66665,0.490,0.112
7.67675,0.464,0.109
7.68685,0.593,0.124
7.69695,0.979,0.159
7.70705,0.593,0.124
7.71715,0.722,0.136
7.72725,0.593,0.124
7.73735,0.722,0.136
7.74745,0.567,0.121
7.75760,0.464,0.109
7.76770,0.412,0.103
7.77780,0.464,0.109
7.78790,0.773,0.141
7.79800,0.722,0.136
7.80810,0.799,0.143
7.81820,1.057,0.165
7.82830,1.031,0.163
7.83840,1.082,0.167
7.84850,0.490,0.112
7.85860,0.851,0.148
7.86870,0.876,0.150
7.87880,0.773,0.141
7.88890,0.541,0.118
7.89905,0.773,0.141
7.90915,0.541,0.118
7.91925,0.696,0.134
7.92935,0.747,0.139
7.93945,0.722,0.136
7.94955,0.722,0.136
7.95965,0.438,0.106
7.96975,0.696,0.134
7.97985,1.031,0.163
7.98995,0.438,0.106
8.00005,0.258,0.082
8.01015,0.619,0.126
8.02025,0.773,0.141
8.03035,3.582,0.304
8.04045,38.969,1.002
8.05060,109.278,1.678
8.06070,67.036,1.314
8.07080,9.253,0.488
8.08090,1.134,0.171
8.09100,1.572,0.201
8.10110,1.856,0.219
8.11120,0.799,0.143
8.12130,1.186,0.175
8.13140,1.443,0.193
8.14150,1.289,0.182
8.15160,1.907,0.222
8.16170,2.371,0.247
8.17180,2.784,0.268
8.18190,1.340,0.186
8.19205,2.706,0.264
8.20215,3.402,0.296
8.21225,2.964,0.276
8.22235,4.072,0.324
8.23245,4.098,0.325
8.24255,4.639,0.346
8.25265,3.866,0.316
8.26275,4.381,0.336
8.27285,4.175,0.328
8.28295,4.742,0.350
8.29305,5.593,0.380
8.30315,5.361,0.372
8.31325,6.005,0.393
8.32335,6.443,0.408
8.33350,6.959,0.423
8.34360,8.479,0.467
8.35370,7.397,0.437
8.36380,8.067,0.456
8.37390,10.619,0.523
8.38400,9.639,0.498
8.39410,11.907,0.554
8.40420,10.387,0.517
8.41430,13.247,0.584
8.42440,13.840,0.597
8.43450,13.273,0.585
8.44460,15.902,0.640
8.45470,15.851,0.639
8.46480,17.552,0.673
8.47490,18.273,0.686
8.48505,19.149,0.703
8.49515,20.567,0.728
8.50525,21.649,0.747
8.51535,21.753,0.749
8.52545,23.479,0.778
8.53555,25.954,0.818
8.54565,27.680,0.845
8.55575,26.907,0.833
8.56585,28.376,0.855
8.57595,31.108,0.895
8.58605,29.871,0.877
8.59615,32.268,0.912
8.60625,33.943,0.935
8.61635,35.335,0.954
8.62650,38.866,1.001
8.63660,38.479,0.996
8.64670,41.392,1.033
8.65680,42.912,1.052
8.66690,47.088,1.102
8.67700,47.526,1.107
8.68710,53.119,1.170
8.69720,56.418,1.206
8.70730,70.515,1.348
8.71740,86.160,1.490
8.72750,103.402,1.632
8.73760,117.861,1.743
8.74770,134.665,1.863
8.75780,148.557,1.957
8.76790,156.675,2.009
8.77805,172.912,2.111
8.78815,182.268,2.167
8.79825,183.737,2.176
8.80835,198.428,2.261
8.81845,206.985,2.310
8.82855,219.948,2.381
8.83865,240.077,2.487
8.84875,266.005,2.618
8.85885,344.175,2.978
8.86895,512.294,3.634
8.87905,677.474,4.179
8.88915,1018.041,5.122
8.89925,3767.887,9.854
8.90935,9878.196,15.956
8.91950,9987.938,16.044
8.92960,6699.897,13.141
8.93970,7157.887,13.582
8.94980,2758.918,8.432
8.95990,690.696,4.219
8.97000,446.881,3.394
8.98010,354.201,3.021
8.99020,301.134,2.786
9.00030,275.773,2.666
9.01040,261.289,2.595
9.02050,257.165,2.574
9.03060,252.242,2.550
9.04070,248.119,2.529
9.05080,247.088,2.524
9.06095,240.747,2.491
9.07105,224.588,2.406
9.08115,201.495,2.279
9.09125,168.686,2.085
9.10135,128.067,1.817
9.11145,101.134,1.614
9.12155,77.268,1.411
9.13165,71.830,1.361
9.14175,68.969,1.333
9.15185,63.067,1.275
9.16195,61.598,1.260
9.17205,58.428,1.227
9.18215,56.856,1.211
9.19225,56.082,1.202
9.20235,53.479,1.174
9.21250,54.433,1.184
9.22260,49.304,1.127
9.23270,50.129,1.137
9.24280,47.861,1.111
9.25290,45.129,1.078
9.26300,48.892,1.123
9.27310,44.536,1.071
9.28320,41.856,1.039
9.29330,41.985,1.040
9.30340,39.510,1.009
9.31350,37.577,0.984
9.32360,36.624,0.972
9.33370,38.144,0.992
9.34380,35.103,0.951
9.35395,31.727,0.904
9.36405,31.778,0.905
9.37415,32.036,0.909
9.38425,30.644,0.889
9.39435,28.170,0.852
9.40445,26.366,0.824
9.41455,28.273,0.854
9.42465,24.665,0.797
9.43475,24.742,0.799
9.44485,23.737,0.782
9.45495,20.928,0.734
9.46505,21.340,0.742
9.47515,21.005,0.736
9.48525,18.608,0.693
9.49535,17.474,0.671
9.50550,17.809,0.677
9.51560,17.629,0.674
9.52570,16.211,0.646
9.53580,15.515,0.632
9.54590,13.376,0.587
9.55600,12.990,0.579
9.56610,13.454,0.589
9.57620,11.186,0.537
9.58630,12.448,0.566
9.59640,11.082,0.534
9.60650,10.155,0.512
9.61660,8.995,0.481
9.62670,8.093,0.457
9.63680,8.814,0.477
9.64695,8.505,0.468
9.65705,7.758,0.447
9.66715,6.521,0.410
9.67725,6.005,0.393
9.68735,6.340,0.404
9.69745,6.366,0.405
9.70755,5.722,0.384
9.71765,5.103,0.363
9.72775,5.335,0.371
9.73785,5.129,0.364
9.74795,4.820,0.352
9.75805,4.768,0.351
9.76815,4.562,0.343
9.77825,4.459,0.339
9.78840,3.376,0.295
9.79850,3.376,0.295
9.80860,3.144,0.285
9.81870,3.119,0.284
9.82880,2.912,0.274
9.83890,2.603,0.259
9.84900,1.830,0.217
9.85910,1.804,0.216
9.86920,1.778,0.214
9.87930,1.856,0.219
9.88940,1.830,0.217
9.89950,2.062,0.231
9.90960,1.469,0.195
9.91970,1.495,0.196
9.92980,1.649,0.206
9.93995,1.598,0.203
9.95005,1.082,0.167
9.96015,1.237,0.179
9.97025,0.490,0.112
9.98035,1.082,0.167
9.99045,1.057,0.165
10.00055,1.082,0.167
10.01065,1.031,0.163
10.02075,1.082,0.167
10.03085,1.160,0.173
10.04095,0.696,0.134
10.05105,0.619,0.126
10.06115,1.031,0.163
10.07125,0.464,0.109
10.08140,0.722,0.136
10.09150,0.851,0.148
10.10160,0.644,0.129
10.11170,0.954,0.157
10.12180,0.335,0.093
10.13190,0.696,0.134
10.14200,0.799,0.143
10.15210,0.593,0.124
10.16220,1.005,0.161
10.17230,0.593,0.124
10.18240,0.619,0.126
10.19250,0.876,0.150
10.20260,0.232,0.077
10.21270,0.361,0.096
10.22285,0.515,0.115
10.23295,0.103,0.052
10.24305,0.722,0.136
10.25315,0.438,0.106
10.26325,0.670,0.131
10.27335,0.670,0.131
10.28345,0.335,0.093
10.29355,0.335,0.093
10.30365,0.464,0.109
10.31375,0.464,0.109
10.32385,0.361,0.096
10.33395,0.851,0.148
10.34405,0.077,0.045
10.35415,0.438,0.106
10.36425,0.464,0.109
10.37440,0.284,0.085
10.38450,0.773,0.141
10.39460,0.438,0.106
10.40470,0.722,0.136
10.41480,0.593,0.124
10.42490,0.412,0.103
10.43500,0.619,0.126
10.44510,0.335,0.093
10.45520,0.155,0.063
10.46530,0.464,0.109
10.47540,0.644,0.129
10.48550,0.284,0.085
10.49560,0.644,0.129
10.50570,0.619,0.126
10.51585,0.464,0.109
10.52595,0.825,0.146
10.53605,0.490,0.112
10.54615,0.464,0.109
10.55625,0.515,0.115
10.56635,0.722,0.136
10.57645,0.335,0.093
10.58655,0.361,0.096
10.59665,0.155,0.063
10.60675,0.335,0.093
10.61685,0.490,0.112
10.62695,0.541,0.118
10.63705,0.619,0.126
10.64715,0.825,0.146
10.65725,0.722,0.136
10.66740,0.387,0.100
10.67750,0.644,0.129
10.68760,0.412,0.103
10.69770,0.464,0.109
10.70780,0.438,0.106
10.71790,0.490,0.112
10.72800,0.670,0.131
10.73810,0.567,0.121
10.74820,0.180,0.068
10.75830,0.361,0.096
10.76840,0.464,0.109
10.77850,0.335,0.093
10.78860,0.284,0.085
10.79870,0.541,0.118
10.80885,0.515,0.115
10.81895,1.005,0.161
10.82905,0.361,0.096
10.83915,0.412,0.103
10.84925,0.335,0.093
10.85935,0.335,0.093
10.86945,0.490,0.112
10.87955,0.361,0.096
10.88965,0.232,0.077
10.89975,0.644,0.129
10.90985,0.644,0.129
10.91995,0.464,0.109
10.93005,0.799,0.143
10.94015,0.309,0.089
10.95030,0.696,0.134
10.96040,0.284,0.085
10.97050,0.490,0.112
10.98060,0.644,0.129
10.99070,0.515,0.115
11.00080,0.799,0.143
11.01090,0.902,0.152
11.02100,0.464,0.109
11.03110,0.979,0.159
11.04120,0.515,0.115
11.05130,0.954,0.157
11.06140,0.180,0.068
11.07150,0.464,0.109
11.08160,0.438,0.106
11.09170,0.593,0.124
11.10185,0.129,0.058
11.11195,0.722,0.136
11.12205,0.515,0.115
11.13215,1.005,0.161
11.14225,2.371,0.247
11.15235,4.201,0.329
11.16245,3.814,0.314
11.17255,2.938,0.275
11.18265,3.918,0.318
11.19275,2.835,0.270
11.20285,1.211,0.177
11.21295,0.387,0.100
11.22305,0.593,0.124
11.23315,0.567,0.121
11.24330,0.490,0.112
11.25340,0.567,0.121
11.26350,0.335,0.093
11.27360,0.541,0.118
11.28370,0.619,0.126
11.29380,0.387,0.100
11.30390,0.619,0.126
11.31400,0.696,0.134
11.32410,0.567,0.121
11.33420,0.464,0.109
11.34430,0.438,0.106
11.35440,0.284,0.085
11.36450,0.258,0.082
11.37460,0.567,0.121
11.38470,0.851,0.148
11.39485,0.773,0.141
11.40495,0.722,0.136
11.41505,0.541,0.118
11.42515,0.825,0.146
11.43525,0.670,0.131
11.44535,0.696,0.134
11.45545,0.593,0.124
11.46555,0.541,0.118
11.47565,0.464,0.109
11.48575,1.005,0.161
11.49585,0.876,0.150
11.50595,1.057,0.165
11.51605,1.366,0.188
11.52615,1.031,0.163
11.53630,1.134,0.171
11.54640,1.082,0.167
11.55650,0.799,0.143
11.56660,0.902,0.152
11.57670,0.206,0.073
11.58680,0.876,0.150
11.59690,0.412,0.103
11.60700,0.412,0.103
11.61710,0.541,0.118
11.62720,0.722,0.136
11.63730,0.747,0.139
11.64740,0.490,0.112
11.65750,0.258,0.082
11.66760,0.593,0.124
11.67775,0.284,0.085
11.68785,0.541,0.118
11.69795,0.567,0.121
11.70805,0.799,0.143
11.71815,0.722,0.136
11.72825,0.593,0.124
11.73835,0.619,0.126
11.74845,0.644,0.129
11.75855,0.412,0.103
11.76865,0.876,0.150
11.77875,0.644,0.129
11.78885,0.773,0.141
11.79895,0.515,0.115
11.80905,0.361,0.096
11.81915,0.541,0.118
11.82930,0.490,0.112
11.83940,0.747,0.139
11.84950,0.309,0.089
11.85960,0.567,0.121
11.86970,0.309,0.089
11.87980,0.593,0.124
11.88990,0.361,0.096
11.90000,0.284,0.085
11.91010,0.567,0.121
11.92020,0.206,0.073
11.93030,0.902,0.152
11.94040,0.593,0.124
11.95050,0.387,0.100
11.96060,0.541,0.118
11.97075,0.747,0.139
11.98085,0.567,0.121
11.99095,0.206,0.073
12.00105,0.361,0.096
12.01115,0.567,0.121
12.02125,0.773,0.141
12.03135,0.335,0.093
12.04145,0.696,0.134
12.05155,0.309,0.089
12.06165,0.258,0.082
12.07175,0.593,0.124
12.08185,2.990,0.278
12.09195,66.057,1.305
12.10205,344.459,2.980
12.11215,455.851,3.428
12.12230,158.711,2.022
12.13240,17.191,0.666
12.14250,2.887,0.273
12.15260,1.314,0.184
12.16270,1.830,0.217
12.17280,2.320,0.245
12.18290,2.113,0.233
12.19300,2.191,0.238
12.20310,2.088,0.232
12.21320,1.340,0.186
12.22330,2.732,0.265
12.23340,2.706,0.264
12.24350,1.959,0.225
12.25360,2.216,0.239
12.26375,2.655,0.262
12.27385,3.015,0.279
12.28395,2.912,0.274
12.29405,2.680,0.263
12.30415,2.835,0.270
12.31425,3.376,0.295
12.32435,4.021,0.322
12.33445,4.691,0.348
12.34455,5.026,0.360
12.35465,5.155,0.364
12.36475,4.742,0.350
12.37485,6.005,0.393
12.38495,5.309,0.370
12.39505,6.186,0.399
12.40520,6.933,0.423
12.41530,6.881,0.421
12.42540,6.856,0.420
12.43550,8.093,0.457
12.44560,8.222,0.460
12.45570,8.351,0.464
12.46580,9.356,0.491
12.47590,9.278,0.489
12.48600,9.716,0.500
12.49610,10.490,0.520
12.50620,10.155,0.512
12.51630,10.825,0.528
12.52640,11.856,0.553
12.53650,11.418,0.542
12.54660,13.557,0.591
12.55675,12.036,0.557
12.56685,14.485,0.611
12.57695,16.134,0.645
12.58705,16.237,0.647
12.59715,15.799,0.638
12.60725,15.876,0.640
12.61735,16.572,0.654
12.62745,18.402,0.689
12.63755,17.809,0.677
12.64765,20.438,0.726
12.65775,22.680,0.765
12.66785,23.969,0.786
12.67795,22.423,0.760
12.68805,24.459,0.794
12.69820,25.825,0.816
12.70830,26.160,0.821
12.71840,27.474,0.841
12.72850,29.820,0.877
12.73860,30.052,0.880
12.74870,31.907,0.907
12.75880,31.211,0.897
12.76890,33.711,0.932
12.77900,33.067,0.923
12.78910,35.232,0.953
12.79920,36.443,0.969
12.80930,36.237,0.966
12.81940,41.134,1.030
12.82950,43.660,1.061
12.83960,43.402,1.058
12.84975,47.680,1.109
12.85985,49.716,1.132
12.86995,45.670,1.085
12.88005,48.608,1.119
12.89015,50.722,1.143
12.90025,51.675,1.154
12.91035,54.253,1.182
12.92045,52.397,1.162
12.93055,55.799,1.199
12.94065,57.139,1.214
12.95075,57.268,1.215
12.96085,59.871,1.242
12.97095,60.309,1.247
12.98105,63.222,1.276
12.99120,63.608,1.280
13.00130,64.433,1.289
13.01140,66.082,1.305
13.02150,67.758,1.321
13.03160,68.918,1.333
13.04170,73.634,1.378
13.05180,75.670,1.397
13.06190,78.789,1.425
13.07200,79.485,1.431
13.08210,81.572,1.450
13.09220,84.072,1.472
13.10230,85.696,1.486
13.11240,87.577,1.502
13.12250,89.742,1.521
13.13265,92.139,1.541
13.14275,96.418,1.576
13.15285,94.639,1.562
13.16295,99.072,1.598
13.17305,103.763,1.635
13.18315,113.608,1.711
13.19325,125.103,1.796
13.20335,146.005,1.940
13.21345,176.727,2.134
13.22355,213.686,2.347
13.23365,251.108,2.544
13.24375,282.397,2.698
13.25385,317.680,2.861
13.26395,352.552,3.014
13.27405,381.649,3.136
13.28420,405.696,3.234
13.29430,439.304,3.365
13.30440,462.448,3.452
13.31450,497.320,3.580
13.32460,537.526,3.722
13.33470,599.407,3.930
13.34480,756.263,4.415
13.35490,976.727,5.017
13.36500,1135.438,5.410
13.37510,1219.948,5.607
13.38520,1457.784,6.130
13.39530,2278.918,7.664
13.40540,5119.227,11.486
13.41550,9723.763,15.831
13.42565,8625.387,14.910
13.43575,3778.247,9.868
13.44585,7047.191,13.477
13.45595,10697.423,16.604
13.46605,4921.521,11.262
13.47615,1574.021,6.369
13.48625,1106.263,5.340
13.49635,896.160,4.806
13.50645,772.887,4.463
13.51655,694.356,4.230
13.52665,657.990,4.118
13.53675,622.680,4.006
13.54685,598.273,3.927
13.55695,590.515,3.901
13.56705,566.959,3.823
13.57720,539.046,3.727
13.58730,481.186,3.522
13.59740,386.753,3.157
13.60750,306.160,2.809
13.61760,263.866,2.608
13.62770,215.412,2.356
13.63780,172.706,2.110
13.64790,150.490,1.969
13.65800,145.232,1.935
13.66810,135.619,1.870
13.67820,131.753,1.843
13.68830,128.763,1.822
13.69840,128.969,1.823
13.70850,120.902,1.765
13.71865,121.057,1.766
13.72875,118.196,1.745
13.73885,112.629,1.704
13.74895,110.644,1.689
13.75905,103.067,1.630
13.76915,105.155,1.646
13.77925,102.706,1.627
13.78935,100.515,1.610
13.79945,97.758,1.587
13.80955,95.284,1.567
13.81965,90.619,1.528
13.82975,89.974,1.523
13.83985,92.036,1.540
13.84995,88.892,1.514
13.86010,86.985,1.497
13.87020,84.974,1.480
13.88030,83.582,1.468
13.89040,84.742,1.478
13.90050,81.392,1.448
13.91060,76.959,1.408
13.92070,78.041,1.418
13.93080,76.005,1.400
13.94090,73.041,1.372
13.95100,71.675,1.359
13.96110,68.119,1.325
13.97120,67.758,1.321
13.98130,67.062,1.315
13.99140,65.799,1.302
14.00150,63.711,1.281
14.01165,64.175,1.286
14.02175,61.186,1.256
14.03185,60.335,1.247
14.04195,58.247,1.225
14.05205,59.433,1.238
14.06215,54.098,1.181
14.07225,52.758,1.166
14.08235,51.727,1.155
14.09245,51.340,1.150
14.10255,49.639,1.131
14.11265,48.144,1.114
14.12275,48.969,1.123
14.13285,46.418,1.094
14.14295,44.974,1.077
14.15310,43.093,1.054
14.16320,41.340,1.032
14.17330,40.335,1.020
14.18340,41.907,1.039
14.19350,39.871,1.014
14.20360,38.170,0.992
14.21370,36.649,0.972
14.22380,36.495,0.970
14.23390,35.928,0.962
14.24400,33.918,0.935
14.25410,33.840,0.934
14.26420,31.366,0.899
14.27430,30.825,0.891
14.28440,30.309,0.884
14.29450,28.351,0.855
14.30465,27.423,0.841
14.31475,27.062,0.835
14.32485,25.979,0.818
14.33495,26.778,0.831
14.34505,24.098,0.788
14.35515,23.763,0.783
14.36525,21.985,0.753
14.37535,22.526,0.762
14.38545,21.598,0.746
14.39555,21.211,0.739
14.40565,20.361,0.724
14.41575,18.892,0.698
14.42585,18.840,0.697
14.43595,18.969,0.699
14.44610,17.732,0.676
14.45620,17.088,0.664
14.46630,15.902,0.640
14.47640,15.232,0.627
14.48650,14.820,0.618
14.49660,14.613,0.614
14.50670,14.485,0.611
14.51680,13.737,0.595
14.52690,12.423,0.566
14.53700,12.371,0.565
14.54710,11.108,0.535
14.55720,11.649,0.548
14.56730,11.881,0.553
14.57740,11.495,0.544
14.58755,10.876,0.529
14.59765,11.160,0.536
14.60775,10.722,0.526
14.61785,10.387,0.517
14.62795,11.211,0.538
14.63805,11.418,0.542
14.64815,11.649,0.548
14.65825,12.603,0.570
14.66835,13.015,0.579
14.67845,13.582,0.592
14.68855,14.510,0.612
14.69865,16.675,0.656
14.70875,18.299,0.687
14.71885,16.856,0.659
14.72895,14.072,0.602
14.73910,12.552,0.569
14.74920,10.722,0.526
14.75930,9.278,0.489
14.76940,7.835,0.449
14.77950,6.108,0.397
14.78960,6.675,0.415
14.79970,4.175,0.328
14.80980,4.974,0.358
14.81990,5.258,0.368
14.83000,4.948,0.357
14.84010,4.175,0.328
14.85020,4.845,0.353
14.86030,3.737,0.310
14.87040,3.866,0.316
14.88055,3.505,0.301
14.89065,3.196,0.287
14.90075,3.814,0.314
14.91085,2.861,0.272
14.92095,3.299,0.292
14.93105,3.015,0.279
14.94115,2.990,0.278
14.95125,3.119,0.284
14.96135,2.320,0.245
14.97145,2.526,0.255
14.98155,2.706,0.264
14.99165,3.454,0.298
15.00175,2.345,0.246
15.01185,2.526,0.255
15.02195,2.036,0.229
15.03210,1.985,0.226
15.04220,2.113,0.233
15.05230,1.572,0.201
15.06240,2.113,0.233
15.07250,2.371,0.247
15.08260,2.139,0.235
15.09270,2.036,0.229
15.10280,1.727,0.211
15.11290,1.495,0.196
15.12300,1.830,0.217
15.13310,1.778,0.214
15.14320,1.959,0.225
15.15330,1.340,0.186
15.16340,1.778,0.214
15.17355,1.830,0.217
15.18365,1.753,0.213
15.19375,1.778,0.214
15.20385,1.340,0.186
15.21395,1.804,0.216
15.22405,1.289,0.182
15.23415,1.521,0.198
15.24425,1.546,0.200
15.25435,1.598,0.203
15.26445,1.675,0.208
15.27455,1.830,0.217
15.28465,1.804,0.216
15.29475,1.186,0.175
15.30485,1.289,0.182
15.31500,1.289,0.182
15.32510,1.778,0.214
15.33520,1.160,0.173
15.34530,1.546,0.200
15.35540,1.211,0.177
15.36550,1.314,0.184
15.37560,1.186,0.175
15.38570,0.902,0.152
15.39580,1.263,0.180
15.40590,0.825,0.146
15.41600,1.057,0.165
15.42610,1.392,0.189
15.43620,1.057,0.165
15.44630,1.598,0.203
15.45640,1.289,0.182
15.46655,1.263,0.180
15.47665,1.237,0.179
15.48675,1.082,0.167
15.49685,1.005,0.161
15.50695,0.825,0.146
15.51705,1.546,0.200
15.52715,1.186,0.175
15.53725,1.469,0.195
15.54735,1.546,0.200
15.55745,1.340,0.186
15.56755,1.108,0.169
15.57765,1.469,0.195
15.58775,1.160,0.173
15.59785,1.211,0.177
15.60800,1.521,0.198
15.61810,1.366,0.188
15.62820,1.082,0.167
15.63830,1.392,0.189
15.64840,1.624,0.205
15.65850,1.366,0.188
15.66860,1.907,0.222
15.67870,2.268,0.242
15.68880,5.876,0.389
15.69890,5.593,0.380
15.70900,3.969,0.320
15.71910,2.500,0.254
15.72920,4.253,0.331
15.73930,4.381,0.336
15.74945,2.706,0.264
15.75955,1.082,0.167
15.76965,1.727,0.211
15.77975,1.314,0.184
15.78985,1.211,0.177
15.79995,0.928,0.155
15.81005,0.851,0.148
15.82015,0.799,0.143
15.83025,1.495,0.196
15.84035,1.211,0.177
15.85045,1.082,0.167
15.86055,1.495,0.196
15.87065,1.418,0.191
15.88075,0.928,0.155
15.89085,1.057,0.165
15.90100,0.825,0.146
15.91110,1.392,0.189
15.92120,1.134,0.171
15.93130,1.469,0.195
15.94140,0.954,0.157
15.95150,1.031,0.163
15.96160,1.160,0.173
15.97170,1.160,0.173
15.98180,1.289,0.182
15.99190,0.902,0.152
16.00200,1.031,0.163
16.01210,0.928,0.155
16.02220,1.160,0.173
16.03230,1.340,0.186
16.04245,1.057,0.165
16.05255,1.082,0.167
16.06265,0.619,0.126
16.07275,0.979,0.159
16.08285,1.366,0.188
16.09295,1.005,0.161
16.10305,0.825,0.146
16.11315,1.082,0.167
16.12325,1.469,0.195
16.13335,0.954,0.157
16.14345,1.778,0.214
16.15355,0.902,0.152
16.16365,1.392,0.189
16.17375,0.799,0.143
16.18385,0.851,0.148
16.19400,1.418,0.191
16.20410,2.371,0.247
16.21420,13.428,0.588
16.22430,19.639,0.711
16.23440,14.459,0.610
16.24450,4.021,0.322
16.25460,1.753,0.213
16.26470,1.160,0.173
16.27480,1.856,0.219
16.28490,1.727,0.211
16.29500,1.418,0.191
16.30510,1.082,0.167
16.31520,1.675,0.208
16.32530,1.237,0.179
16.33545,0.799,0.143
16.34555,1.366,0.188
16.35565,1.186,0.175
16.36575,1.546,0.200
16.37585,1.211,0.177
16.38595,1.263,0.180
16.39605,1.675,0.208
16.40615,1.392,0.189
16.41625,1.263,0.180
16.42635,1.392,0.189
16.43645,1.546,0.200
16.44655,1.727,0.211
16.45665,1.572,0.201
16.46675,1.340,0.186
16.47690,1.701,0.209
16.48700,1.211,0.177
16.49710,1.108,0.169
16.50720,1.624,0.205
16.51730,1.778,0.214
16.52740,1.753,0.213
16.53750,1.701,0.209
16.54760,1.418,0.191
16.55770,1.598,0.203
16.56780,2.345,0.246
16.57790,1.959,0.225
16.58800,2.113,0.233
16.59810,1.804,0.216
16.60820,1.985,0.226
16.61830,1.881,0.220
16.62845,2.113,0.233
16.63855,2.320,0.245
16.64865,2.423,0.250
16.65875,2.139,0.235
16.66885,2.191,0.238
16.67895,2.552,0.256
16.68905,2.552,0.256
16.69915,2.552,0.256
16.70925,2.345,0.246
16.71935,1.959,0.225
16.72945,2.732,0.265
16.73955,3.273,0.290
16.74965,2.371,0.247
16.75975,2.835,0.270
16.76990,2.500,0.254
16.78000,3.041,0.280
16.79010,3.428,0.297
16.80020,2.887,0.273
16.81030,2.474,0.253
16.82040,3.196,0.287
16.83050,3.273,0.290
16.84060,2.938,0.275
16.85070,3.711,0.309
16.86080,2.758,0.267
16.87090,3.763,0.311
16.88100,3.686,0.308
16.89110,3.840,0.315
16.90120,3.531,0.302
16.91130,4.201,0.329
16.92145,4.175,0.328
16.93155,4.124,0.326
16.94165,3.918,0.318
16.95175,4.149,0.327
16.96185,4.021,0.322
16.97195,4.407,0.337
16.98205,4.691,0.348
16.99215,4.820,0.352
17.00225,5.000,0.359
17.01235,5.180,0.365
17.02245,4.716,0.349
17.03255,5.464,0.375
17.04265,5.335,0.371
17.05275,5.077,0.362
17.06290,5.129,0.364
17.07300,5.722,0.384
17.08310,5.851,0.388
17.09320,5.155,0.364
17.10330,6.289,0.403
17.11340,6.031,0.394
17.12350,6.314,0.403
17.13360,6.443,0.408
17.14370,6.804,0.419
17.15380,7.062,0.427
17.16390,6.881,0.421
17.17400,7.036,0.426
17.18410,7.345,0.435
17.19420,8.067,0.456
17.20435,8.634,0.472
17.21445,8.634,0.472
17.22455,8.918,0.479
17.23465,9.330,0.490
17.24475,8.686,0.473
17.25485,7.964,0.453
17.26495,7.938,0.452
17.27505,8.763,0.475
17.28515,8.686,0.473
17.29525,8.918,0.479
17.30535,9.381,0.492
17.31545,9.433,0.493
17.32555,8.814,0.477
17.33565,10.412,0.518
17.34575,9.485,0.494
17.35590,8.943,0.480
17.36600,10.000,0.508
17.37610,11.418,0.542
17.38620,11.263,0.539
17.39630,10.773,0.527
17.40640,10.928,0.531
17.41650,10.979,0.532
17.42660,12.320,0.563
17.43670,12.294,0.563
17.44680,11.624,0.547
17.45690,11.907,0.554
17.46700,11.237,0.538
17.47710,12.577,0.569
17.48720,13.351,0.587
17.49735,12.603,0.570
17.50745,12.938,0.577
17.51755,12.500,0.568
17.52765,13.428,0.588
17.53775,14.665,0.615
17.54785,13.531,0.591
17.55795,13.686,0.594
17.56805,14.691,0.615
17.57815,14.253,0.606
17.58825,14.485,0.611
17.59835,15.515,0.632
17.60845,14.588,0.613
17.61855,16.031,0.643
17.62865,15.361,0.629
17.63875,16.160,0.645
17.64890,15.747,0.637
17.65900,17.474,0.671
17.66910,17.423,0.670
17.67920,16.495,0.652
17.68930,18.144,0.684
17.69940,17.010,0.662
17.70950,19.639,0.711
17.71960,19.691,0.712
17.72970,20.515,0.727
17.73980,19.716,0.713
17.74990,19.948,0.717
17.76000,21.649,0.747
17.77010,22.010,0.753
17.78020,25.567,0.812
17.79035,30.515,0.887
17.80045,35.902,0.962
17.81055,44.175,1.067
17.82065,50.619,1.142
17.83075,58.479,1.228
17.84085,65.851,1.303
17.85095,74.923,1.390
17.86105,81.237,1.447
17.87115,91.134,1.533
17.88125,100.387,1.609
17.89135,109.639,1.681
17.90145,121.907,1.773
17.91155,151.985,1.979
17.92165,187.706,2.199
17.93180,202.139,2.282
17.94190,205.541,2.302
17.95200,216.418,2.362
17.96210,277.010,2.672
17.97220,434.227,3.345
17.98230,977.912,5.020
17.99240,3006.211,8.802
18.00250,6712.938,13.153
18.01260,6036.340,12.473
18.02270,2064.948,7.295
18.03280,1272.758,5.727
18.04290,2947.088,8.715
18.05300,4433.918,10.690
18.06310,2629.742,8.233
18.07320,741.753,4.372
18.08335,323.428,2.887
18.09345,226.057,2.414
18.10355,185.026,2.184
18.11365,158.866,2.023
18.12375,146.314,1.942
18.13385,136.753,1.877
18.14395,129.278,1.825
18.15405,124.175,1.789
18.16415,110.515,1.688
18.17425,99.794,1.604
18.18435,86.546,1.494
18.19445,68.247,1.326
18.20455,61.211,1.256
18.21465,53.196,1.171
18.22480,44.768,1.074
18.23490,38.196,0.992
18.24500,29.253,0.868
18.25510,28.814,0.862
18.26520,26.469,0.826
18.27530,26.108,0.820
18.28540,24.923,0.801
18.29550,23.015,0.770
18.30560,22.680,0.765
18.31570,21.675,0.747
18.32580,21.624,0.747
18.33590,21.546,0.745
18.34600,20.103,0.720
18.35610,19.588,0.711
18.36620,20.438,0.726
18.37635,19.046,0.701
18.38645,19.871,0.716
18.39655,19.536,0.710
18.40665,18.686,0.694
18.41675,17.320,0.668
18.42685,17.784,0.677
18.43695,17.655,0.675
18.44705,15.541,0.633
18.45715,16.727,0.657
18.46725,16.108,0.644
18.47735,15.387,0.630
18.48745,14.536,0.612
18.49755,15.567,0.633
18.50765,15.619,0.634
18.51780,13.273,0.585
18.52790,15.284,0.628
18.53800,14.253,0.606
18.54810,13.351,0.587
18.55820,14.278,0.607
18.56830,13.840,0.597
18.57840,13.918,0.599
18.58850,13.634,0.593
18.59860,12.294,0.563
18.60870,13.789,0.596
18.61880,12.912,0.577
18.62890,12.423,0.566
18.63900,12.010,0.556
18.64910,12.242,0.562
18.65925,12.371,0.565
18.66935,11.985,0.556
18.67945,10.799,0.528
18.68955,11.057,0.534
18.69965,10.309,0.515
18.70975,10.026,0.508
18.71985,10.696,0.525
18.72995,9.768,0.502
18.74005,10.670,0.524
18.75015,9.613,0.498
18.76025,10.309,0.515
18.77035,10.206,0.513
18.78045,9.820,0.503
18.79055,9.175,0.486
18.80065,9.716,0.500
18.81080,10.077,0.510
18.82090,8.866,0.478
18.83100,8.247,0.461
18.84110,9.871,0.504
18.85120,8.918,0.479
18.86130,8.995,0.481
18.87140,8.969,0.481
18.88150,7.990,0.454
18.89160,7.423,0.437
18.90170,7.912,0.452
18.91180,8.170,0.459
18.92190,7.371,0.436
18.93200,7.526,0.440
18.94210,8.093,0.457
18.95225,6.701,0.416
18.96235,7.912,0.452
18.97245,6.959,0.423
18.98255,6.701,0.416
18.99265,7.474,0.439
19.00275,7.113,0.428
19.01285,6.443,0.408
19.02295,6.521,0.410
19.03305,5.696,0.383
19.04315,6.495,0.409
19.05325,5.773,0.386
19.06335,5.747,0.385
19.07345,6.727,0.416
19.08355,5.902,0.390
19.09365,6.186,0.399
19.10380,5.103,0.363
19.11390,5.619,0.381
19.12400,4.974,0.358
19.13410,5.180,0.365
19.14420,5.052,0.361
19.15430,5.335,0.371
19.16440,5.077,0.362
19.17450,4.897,0.355
19.18460,4.253,0.331
19.19470,5.232,0.367
19.20480,4.330,0.334
19.21490,4.742,0.350
19.22500,4.253,0.331
19.23510,4.768,0.351
19.24525,3.634,0.306
19.25535,3.840,0.315
19.26545,4.691,0.348
19.27555,3.866,0.316
19.28565,4.356,0.335
19.29575,3.196,0.287
19.30585,3.428,0.297
19.31595,3.170,0.286
19.32605,3.428,0.297
19.33615,3.608,0.305
19.34625,3.144,0.285
19.35635,3.557,0.303
19.36645,3.376,0.295
19.37655,3.428,0.297
19.38670,3.067,0.281
19.39680,2.758,0.267
19.40690,3.222,0.288
19.41700,2.371,0.247
19.42710,3.170,0.286
19.43720,2.809,0.269
19.44730,2.809,0.269
19.45740,2.964,0.276
19.46750,2.809,0.269
19.47760,2.784,0.268
19.48770,2.809,0.269
19.49780,2.448,0.251
19.50790,2.655,0.262
19.51800,2.552,0.256
19.52810,2.268,0.242
19.53825,2.526,0.255
19.54835,2.448,0.251
19.55845,2.036,0.229
19.56855,2.448,0.251
19.57865,2.139,0.235
19.58875,1.881,0.220
19.59885,2.113,0.233
19.60895,1.985,0.226
19.61905,2.474,0.253
19.62915,2.294,0.243
19.63925,2.629,0.260
19.64935,1.985,0.226
19.65945,2.784,0.268
19.66955,2.448,0.251
19.67970,2.552,0.256
19.68980,2.680,0.263
19.69990,2.758,0.267
19.71000,3.325,0.293
19.72010,3.093,0.282
19.73020,2.320,0.245
19.74030,2.938,0.275
19.75040,2.371,0.247
19.76050,2.191,0.238
19.77060,2.268,0.242
19.78070,2.062,0.231
19.79080,2.242,0.240
19.80090,1.598,0.203
19.81100,1.856,0.219
19.82110,1.572,0.201
19.83125,1.366,0.188
19.84135,1.469,0.195
19.85145,1.598,0.203
19.86155,1.546,0.200
19.87165,1.289,0.182
19.88175,1.340,0.186
19.89185,1.237,0.179
19.90195,1.314,0.184
19.91205,1.160,0.173
19.92215,1.082,0.167
19.93225,1.314,0.184
19.94235,1.469,0.195
19.95245,1.546,0.200
19.96255,0.979,0.159
19.97270,0.954,0.157
19.98280,0.979,0.159
19.99290,0.902,0.152
20.00300,1.186,0.175
20.01310,1.057,0.165
20.02320,1.057,0.165
20.03330,1.314,0.184
20.04340,1.340,0.186
20.05350,0.954,0.157
20.06360,1.314,0.184
20.07370,1.031,0.163
20.08380,0.979,0.159
20.09390,1.031,0.163
20.10400,1.082,0.167
20.11415,0.876,0.150
20.12425,0.954,0.157
20.13435,1.314,0.184
20.14445,0.825,0.146
20.15455,1.057,0.165
20.16465,1.495,0.196
20.17475,0.825,0.146
20.18485,1.237,0.179
20.19495,0.979,0.159
20.20505,0.954,0.157
20.21515,1.134,0.171
20.22525,0.876,0.150
20.23535,1.546,0.200
20.24545,0.619,0.126
20.25555,0.851,0.148
20.26570,0.876,0.150
20.27580,0.954,0.157
20.28590,1.031,0.163
20.29600,1.186,0.175
20.30610,1.108,0.169
20.31620,1.778,0.214
20.32630,2.191,0.238
20.33640,3.866,0.316
20.34650,4.588,0.344
20.35660,3.222,0.288
20.36670,2.139,0.235
20.37680,2.010,0.228
20.38690,3.454,0.298
20.39700,5.180,0.365
20.40715,13.995,0.601
20.41725,77.294,1.411
20.42735,220.077,2.382
20.43745,221.469,2.389
20.44755,84.820,1.479
20.45765,17.345,0.669
20.46775,4.304,0.333
20.47785,2.139,0.235
20.48795,2.371,0.247
20.49805,1.856,0.219
20.50815,1.675,0.208
20.51825,2.577,0.258
20.52835,1.418,0.191
20.53845,1.856,0.219
20.54855,1.546,0.200
20.55870,1.392,0.189
20.56880,1.469,0.195
20.57890,2.088,0.232
20.58900,2.397,0.249
20.59910,2.139,0.235
20.60920,1.495,0.196
20.61930,1.959,0.225
20.62940,2.680,0.263
20.63950,2.500,0.254
20.64960,1.778,0.214
20.65970,1.237,0.179
20.66980,1.778,0.214
20.67990,2.113,0.233
20.69000,2.680,0.263
20.70015,2.268,0.242
20.71025,2.423,0.250
20.72035,2.706,0.264
20.73045,2.603,0.259
20.74055,2.887,0.273
20.75065,2.474,0.253
20.76075,2.887,0.273
20.77085,3.402,0.296
20.78095,4.098,0.325
20.79105,3.041,0.280
20.80115,3.866,0.316
20.81125,2.964,0.276
20.82135,3.093,0.282
20.83145,3.531,0.302
20.84160,3.737,0.310
20.85170,3.686,0.308
20.86180,3.840,0.315
20.87190,3.479,0.299
20.88200,3.196,0.287
20.89210,3.479,0.299
20.90220,3.866,0.316
20.91230,4.536,0.342
20.92240,3.969,0.320
20.93250,3.686,0.308
20.94260,4.227,0.330
20.95270,4.278,0.332
20.96280,5.052,0.361
20.97290,5.129,0.364
20.98300,4.407,0.337
20.99315,4.536,0.342
21.00325,5.232,0.367
21.01335,4.716,0.349
21.02345,5.438,0.374
21.03355,5.000,0.359
21.04365,5.541,0.378
21.05375,5.206,0.366
21.06385,5.876,0.389
21.07395,6.005,0.393
21.08405,6.289,0.403
21.09415,7.113,0.428
21.10425,5.026,0.360
21.11435,6.701,0.416
21.12445,6.830,0.420
21.13460,6.804,0.419
21.14470,7.191,0.430
21.15480,6.624,0.413
21.16490,8.067,0.456
21.17500,7.320,0.434
21.18510,7.964,0.453
21.19520,7.912,0.452
21.20530,6.753,0.417
21.21540,8.763,0.475
21.22550,7.758,0.447
21.23560,9.330,0.490
21.24570,8.015,0.455
21.25580,9.536,0.496
21.26590,8.789,0.476
21.27600,9.794,0.502
21.28615,10.696,0.525
21.29625,9.278,0.489
21.30635,9.639,0.498
21.31645,11.624,0.547
21.32655,10.619,0.523
21.33665,10.335,0.516
21.34675,11.289,0.539
21.35685,11.675,0.549
21.36695,11.186,0.537
21.37705,11.624,0.547
21.38715,12.423,0.566
21.39725,12.397,0.565
21.40735,11.727,0.550
21.41745,12.629,0.571
21.42760,14.021,0.601
21.43770,12.938,0.577
21.44780,13.608,0.592
21.45790,14.433,0.610
21.46800,14.021,0.601
21.47810,15.335,0.629
21.48820,14.665,0.615
21.49830,16.649,0.655
21.50840,15.747,0.637
21.51850,16.057,0.643
21.52860,16.418,0.650
21.53870,18.067,0.682
21.54880,16.959,0.661
21.55890,18.376,0.688
21.56905,18.273,0.686
21.57915,19.304,0.705
21.58925,19.510,0.709
21.59935,20.928,0.734
21.60945,20.928,0.734
21.61955,20.644,0.729
21.62965,21.108,0.738
21.63975,20.232,0.722
21.64985,20.593,0.729
21.65995,21.778,0.749
21.67005,21.804,0.750
21.68015,21.701,0.748
21.69025,22.526,0.762
21.70035,24.046,0.787
21.71045,23.763,0.783
21.72060,26.546,0.827
21.73070,27.113,0.836
21.74080,27.397,0.840
21.75090,25.876,0.817
21.76100,25.696,0.814
21.77110,26.572,0.828
21.78120,26.856,0.832
21.79130,27.732,0.845
21.80140,25.103,0.804
21.81150,27.938,0.849
21.82160,27.603,0.843
21.83170,27.809,0.847
21.84180,29.948,0.879
21.85190,31.263,0.898
21.86205,29.820,0.877
21.87215,28.557,0.858
21.88225,31.392,0.899
21.89235,32.655,0.917
21.90245,30.747,0.890
21.91255,31.985,0.908
21.92265,33.892,0.935
21.93275,34.021,0.936
21.94285,33.557,0.930
21.95295,33.299,0.926
21.96305,34.278,0.940
21.97315,35.593,0.958
21.98325,34.820,0.947
21.99335,35.000,0.950
22.00350,36.907,0.975
22.01360,37.552,0.984
22.02370,36.881,0.975
22.03380,37.732,0.986
22.04390,40.026,1.016
22.05400,39.845,1.013
22.06410,39.897,1.014
22.07420,40.438,1.021
22.08430,41.907,1.039
22.09440,41.005,1.028
22.10450,42.500,1.047
22.11460,44.304,1.069
22.12470,43.918,1.064
22.13480,42.500,1.047
22.14490,45.206,1.079
22.15505,44.304,1.069
22.16515,47.732,1.109
22.17525,46.031,1.089
22.18535,47.861,1.111
22.19545,46.649,1.096
22.20555,48.247,1.115
22.21565,48.247,1.115
22.22575,49.639,1.131
22.23585,51.753,1.155
22.24595,51.211,1.149
22.25605,52.964,1.168
22.26615,55.361,1.194
22.27625,52.732,1.166
22.28635,56.418,1.206
22.29650,57.603,1.218
22.30660,57.268,1.215
22.31670,58.582,1.229
22.32680,61.521,1.259
22.33690,62.680,1.271
22.34700,61.495,1.259
22.35710,62.835,1.273
22.36720,63.247,1.277
22.37730,63.634,1.281
22.38740,66.753,1.312
22.39750,70.180,1.345
22.40760,70.954,1.352
22.41770,75.000,1.390
22.42780,76.263,1.402
22.43790,78.196,1.420
22.44805,82.912,1.462
22.45815,88.634,1.511
22.46825,91.624,1.537
22.47835,95.361,1.568
22.48845,106.753,1.659
22.49855,117.835,1.743
22.50865,142.680,1.918
22.51875,174.562,2.121
22.52885,198.711,2.263
22.53895,228.222,2.425
22.54905,251.933,2.548
22.55915,283.428,2.703
22.56925,313.943,2.845
22.57935,364.665,3.066
22.58950,425.954,3.313
22.59960,521.959,3.668
22.60970,611.237,3.969
22.61980,676.521,4.176
22.62990,692.217,4.224
22.64000,691.830,4.223
22.65010,701.624,4.252
22.66020,782.242,4.490
22.67030,965.361,4.988
22.68040,1312.680,5.817
22.69050,1932.887,7.058
22.70060,3204.768,9.088
22.71070,6266.830,12.709
22.72080,9603.196,15.732
22.73095,7666.237,14.056
22.74105,3464.124,9.449
22.75115,2190.284,7.513
22.76125,2994.820,8.786
22.77135,6141.263,12.581
22.78145,9187.268,15.388
22.79155,6464.433,12.908
22.80165,2577.526,8.151
22.81175,1334.407,5.864
22.82185,980.902,5.028
22.83195,803.402,4.550
22.84205,705.206,4.263
22.85215,639.304,4.059
22.86225,581.469,3.871
22.87235,532.577,3.705
22.88250,480.722,3.520
22.89260,421.160,3.295
22.90270,353.325,3.018
22.91280,300.155,2.781
22.92290,271.005,2.643
22.93300,247.861,2.527
22.94310,226.598,2.417
22.95320,191.959,2.224
22.96330,163.840,2.055
22.97340,132.861,1.850
22.98350,119.974,1.758
22.99360,116.521,1.733
23.00370,114.278,1.716
23.01380,108.170,1.670
23.02395,103.119,1.630
23.03405,99.149,1.599
23.04415,96.753,1.579
23.05425,94.098,1.557
23.06435,93.067,1.549
23.07445,88.041,1.506
23.08455,87.938,1.505
23.09465,85.619,1.485
23.10475,81.057,1.445
23.11485,79.433,1.431
23.12495,76.082,1.400
23.13505,74.691,1.387
23.14515,73.660,1.378
23.15525,74.046,1.381
23.16535,71.314,1.356
23.17550,68.660,1.330
23.18560,67.113,1.315
23.19570,66.830,1.312
23.20580,63.918,1.283
23.21590,63.789,1.282
23.22600,61.418,1.258
23.23610,59.845,1.242
23.24620,61.289,1.257
23.25630,60.567,1.249
23.26640,58.995,1.233
23.27650,59.201,1.235
23.28660,54.356,1.184
23.29670,54.768,1.188
23.30680,55.335,1.194
23.31695,55.593,1.197
23.32705,53.737,1.177
23.33715,52.680,1.165
23.34725,53.866,1.178
23.35735,50.515,1.141
23.36745,50.129,1.137
23.37755,48.943,1.123
23.38765,48.428,1.117
23.39775,48.454,1.117
23.40785,47.680,1.109
23.41795,45.258,1.080
23.42805,46.469,1.094
23.43815,46.469,1.094
23.44825,43.840,1.063
23.45840,44.923,1.076
23.46850,45.515,1.083
23.47860,42.655,1.048
23.48870,43.789,1.062
23.49880,42.371,1.045
23.50890,40.954,1.027
23.51900,41.314,1.032
23.52910,41.263,1.031
23.53920,39.278,1.006
23.54930,39.923,1.014
23.55940,38.531,0.997
23.56950,38.995,1.003
23.57960,39.330,1.007
23.58970,37.732,0.986
23.59980,38.247,0.993
23.60995,36.443,0.969
23.62005,35.851,0.961
23.63015,36.108,0.965
23.64025,36.160,0.965
23.65035,34.691,0.946
23.66045,34.639,0.945
23.67055,35.284,0.954
23.68065,35.412,0.955
23.69075,33.273,0.926
23.70085,34.588,0.944
23.71095,34.124,0.938
23.72105,33.222,0.925
23.73115,34.433,0.942
23.74125,32.964,0.922
23.75140,31.959,0.908
23.76150,33.582,0.930
23.77160,31.418,0.900
23.78170,30.722,0.890
23.79180,29.794,0.876
23.80190,29.227,0.868
23.81200,29.072,0.866
23.82210,28.351,0.855
23.83220,28.557,0.858
23.84230,28.196,0.852
23.85240,26.753,0.830
23.86250,26.675,0.829
23.87260,27.216,0.838
23.88270,26.031,0.819
23.89280,24.098,0.788
23.90295,24.098,0.788
23.91305,23.840,0.784
23.92315,22.139,0.755
23.93325,22.887,0.768
23.94335,22.861,0.768
23.95345,22.397,0.760
23.96355,22.887,0.768
23.97365,21.727,0.748
23.98375,22.784,0.766
23.99385,21.778,0.749
24.00395,22.655,0.764
24.01405,20.206,0.722
24.02415,20.619,0.729
24.03425,19.948,0.717
24.04440,19.356,0.706
24.05450,20.464,0.726
24.06460,18.737,0.695
24.07470,18.763,0.695
24.08480,18.505,0.691
24.09490,18.557,0.692
24.10500,17.655,0.675
24.11510,18.067,0.682
24.12520,17.088,0.664
24.13530,17.216,0.666
24.14540,17.474,0.671
24.15550,17.912,0.679
24.16560,17.577,0.673
24.17570,17.964,0.680
24.18585,16.753,0.657
24.19595,18.299,0.687
24.20605,18.737,0.695
24.21615,20.541,0.728
24.22625,18.144,0.684
24.23635,18.196,0.685
24.24645,17.912,0.679
24.25655,16.933,0.661
24.26665,17.036,0.663
24.27675,16.521,0.653
24.28685,17.448,0.671
24.29695,15.747,0.637
24.30705,15.361,0.629
24.31715,13.222,0.584
24.32725,13.608,0.592
24.33740,13.505,0.590
24.34750,11.727,0.550
24.35760,12.732,0.573
24.36770,12.088,0.558
24.37780,12.113,0.559
24.38790,12.423,0.566
24.39800,11.521,0.545
24.40810,10.851,0.529
24.41820,10.747,0.526
24.42830,10.412,0.518
24.43840,10.052,0.509
24.44850,9.974,0.507
24.45860,10.232,0.514
24.46870,8.866,0.478
24.47885,9.665,0.499
24.48895,8.015,0.455
24.49905,7.809,0.449
24.50915,9.356,0.491
24.51925,8.067,0.456
24.52935,8.247,0.461
24.53945,8.144,0.458
24.54955,8.711,0.474
24.55965,8.041,0.455
24.56975,8.582,0.470
24.57985,7.603,0.443
24.58995,7.758,0.447
24.60005,7.500,0.440
24.61015,7.294,0.434
24.62025,7.216,0.431
24.63040,7.784,0.448
24.64050,6.881,0.421
24.65060,5.825,0.387
24.66070,5.799,0.387
24.67080,6.443,0.408
24.68090,6.340,0.404
24.69100,6.237,0.401
24.70110,6.134,0.398
24.71120,5.670,0.382
24.72130,6.521,0.410
24.73140,5.619,0.381
24.74150,6.572,0.412
24.75160,5.593,0.380
24.76170,5.180,0.365
24.77185,5.155,0.364
24.78195,4.871,0.354
24.79205,5.052,0.361
24.80215,4.691,0.348
24.81225,4.716,0.349
24.82235,4.613,0.345
24.83245,4.845,0.353
24.84255,4.485,0.340
24.85265,4.149,0.327
24.86275,4.021,0.322
24.87285,4.072,0.324
24.88295,4.227,0.330
24.89305,4.278,0.332
24.90315,3.402,0.296
24.91330,3.763,0.311
24.92340,4.124,0.326
24.93350,3.376,0.295
24.94360,3.325,0.293
24.95370,3.557,0.303
24.96380,3.582,0.304
24.97390,3.170,0.286
24.98400,4.046,0.323
24.99410,3.273,0.290
25.00420,3.325,0.293
25.01430,2.912,0.274
25.02440,3.376,0.295
25.03450,3.119,0.284
25.04460,2.784,0.268
25.05470,2.835,0.270
25.06485,3.402,0.296
25.07495,2.655,0.262
25.08505,2.887,0.273
25.09515,2.912,0.274
25.10525,3.273,0.290
25.11535,4.974,0.358
25.12545,6.134,0.398
25.13555,7.474,0.439
25.14565,5.335,0.371
25.15575,3.737,0.310
25.16585,2.294,0.243
25.17595,2.706,0.264
25.18605,3.711,0.309
25.19615,4.742,0.350
25.20630,3.686,0.308
25.21640,2.938,0.275
25.22650,2.423,0.250
25.23660,1.546,0.200
25.24670,2.552,0.256
25.25680,2.139,0.235
25.26690,2.088,0.232
25.27700,2.113,0.233
25.28710,1.959,0.225
25.29720,2.294,0.243
25.30730,1.804,0.216
25.31740,1.649,0.206
25.32750,1.727,0.211
25.33760,2.139,0.235
25.34770,1.830,0.217
25.35785,1.469,0.195
25.36795,1.804,0.216
25.37805,1.134,0.171
25.38815,1.572,0.201
25.39825,1.598,0.203
25.40835,1.727,0.211
25.41845,1.778,0.214
25.42855,1.392,0.189
25.43865,1.263,0.180
25.44875,1.443,0.193
25.45885,1.237,0.179
25.46895,1.521,0.198
25.47905,1.546,0.200
25.48915,1.598,0.203
25.49930,1.289,0.182
25.50940,1.572,0.201
25.51950,1.134,0.171
25.52960,1.134,0.171
25.53970,1.778,0.214
25.54980,1.340,0.186
25.55990,1.186,0.175
25.57000,0.876,0.150
25.58010,1.186,0.175
25.59020,1.134,0.171
25.60030,1.186,0.175
25.61040,1.134,0.171
25.62050,1.314,0.184
25.63060,1.237,0.179
25.64075,0.954,0.157
25.65085,1.263,0.180
25.66095,1.134,0.171
25.67105,1.108,0.169
25.68115,0.902,0.152
25.69125,1.469,0.195
25.70135,1.031,0.163
25.71145,1.366,0.188
25.72155,0.928,0.155
25.73165,1.031,0.163
25.74175,1.340,0.186
25.75185,1.082,0.167
25.76195,1.082,0.167
25.77205,1.108,0.169
25.78215,1.340,0.186
25.79230,1.211,0.177
25.80240,0.928,0.155
25.81250,1.108,0.169
25.82260,1.160,0.173
25.83270,1.005,0.161
25.84280,0.954,0.157
25.85290,1.314,0.184
25.86300,1.031,0.163
25.87310,1.057,0.165
25.88320,1.108,0.169
25.89330,1.134,0.171
25.90340,0.876,0.150
25.91350,1.134,0.171
25.92360,1.057,0.165
25.93375,0.851,0.148
25.94385,0.851,0.148
25.95395,0.696,0.134
25.96405,0.902,0.152
25.97415,1.057,0.165
25.98425,0.876,0.150
25.99435,1.134,0.171
26.00445,0.928,0.155
26.01455,1.031,0.163
26.02465,1.134,0.171
26.03475,0.979,0.159
26.04485,0.747,0.139
26.05495,1.057,0.165
26.06505,1.186,0.175
26.07515,0.876,0.150
26.08530,0.928,0.155
26.09540,0.928,0.155
26.10550,1.134,0.171
26.11560,1.031,0.163
26.12570,1.031,0.163
26.13580,0.722,0.136
26.14590,1.005,0.161
26.15600,1.263,0.180
26.16610,0.902,0.152
26.17620,1.314,0.184
26.18630,1.237,0.179
26.19640,0.979,0.159
26.20650,1.057,0.165
26.21660,0.876,0.150
26.22675,1.005,0.161
26.23685,0.979,0.159
26.24695,1.057,0.165
26.25705,1.263,0.180
26.26715,1.057,0.165
26.27725,1.186,0.175
26.28735,1.211,0.177
26.29745,0.825,0.146
26.30755,1.057,0.165
26.31765,0.979,0.159
26.32775,1.082,0.167
26.33785,1.418,0.191
26.34795,1.237,0.179
26.35805,1.082,0.167
26.36820,0.954,0.157
26.37830,1.237,0.179
26.38840,1.263,0.180
26.39850,1.469,0.195
26.40860,1.057,0.165
26.41870,0.825,0.146
26.42880,0.722,0.136
26.43890,1.108,0.169
26.44900,1.314,0.184
26.45910,1.031,0.163
26.46920,1.314,0.184
26.47930,1.057,0.165
26.48940,1.160,0.173
26.49950,0.825,0.146
26.50960,1.108,0.169
26.51975,0.799,0.143
26.52985,1.340,0.186
26.53995,1.134,0.171
26.55005,1.082,0.167
26.56015,1.031,0.163
26.57025,1.186,0.175
26.58035,1.392,0.189
26.59045,1.082,0.167
26.60055,1.237,0.179
26.61065,1.289,0.182
26.62075,1.237,0.179
26.63085,1.134,0.171
26.64095,0.979,0.159
26.65105,1.314,0.184
26.66120,1.469,0.195
26.67130,0.876,0.150
26.68140,1.134,0.171
26.69150,1.263,0.180
26.70160,1.289,0.182
26.71170,1.263,0.180
26.72180,1.211,0.177
26.73190,1.418,0.191
26.74200,1.418,0.191
26.75210,1.778,0.214
26.76220,1.160,0.173
26.77230,1.495,0.196
26.78240,1.186,0.175
26.79250,1.134,0.171
26.80260,1.314,0.184
26.81275,1.521,0.198
26.82285,1.340,0.186
26.83295,1.186,0.175
26.84305,1.314,0.184
26.85315,1.289,0.182
26.86325,1.469,0.195
26.87335,1.418,0.191
26.88345,1.572,0.201
26.89355,1.881,0.220
26.90365,1.521,0.198
26.91375,1.933,0.223
26.92385,1.675,0.208
26.93395,0.979,0.159
26.94405,1.392,0.189
26.95420,1.392,0.189
26.96430,1.443,0.193
26.97440,1.495,0.196
26.98450,1.340,0.186
26.99460,1.675,0.208
27.00470,1.237,0.179
27.01480,1.108,0.169
27.02490,1.418,0.191
27.03500,1.624,0.205
27.04510,1.495,0.196
27.05520,1.392,0.189
27.06530,1.418,0.191
27.07540,1.881,0.220
27.08550,1.469,0.195
27.09565,1.856,0.219
27.10575,1.289,0.182
27.11585,1.675,0.208
27.12595,1.418,0.191
27.13605,1.649,0.206
27.14615,1.856,0.219
27.15625,1.624,0.205
27.16635,1.366,0.188
27.17645,1.598,0.203
27.18655,2.010,0.228
27.19665,1.418,0.191
27.20675,1.546,0.200
27.21685,1.959,0.225
27.22695,1.649,0.206
27.23705,2.088,0.232
27.24720,1.985,0.226
27.25730,1.830,0.217
27.26740,2.448,0.251
27.27750,2.113,0.233
27.28760,2.680,0.263
27.29770,2.139,0.235
27.30780,2.165,0.236
27.31790,2.165,0.236
27.32800,2.706,0.264
27.33810,2.809,0.269
27.34820,2.887,0.273
27.35830,3.325,0.293
27.36840,3.273,0.290
27.37850,3.479,0.299
27.38865,4.665,0.347
27.39875,5.593,0.380
27.40885,6.237,0.401
27.41895,7.320,0.434
27.42905,8.969,0.481
27.43915,9.613,0.498
27.44925,10.773,0.527
27.45935,13.686,0.594
27.46945,14.948,0.621
27.47955,17.088,0.664
27.48965,17.423,0.670
27.49975,16.031,0.643
27.50985,15.696,0.636
27.51995,18.067,0.682
27.53010,20.438,0.726
27.54020,26.443,0.826
27.55030,35.876,0.962
27.56040,58.969,1.233
27.57050,117.165,1.738
27.58060,282.113,2.696
27.59070,652.371,4.100
27.60080,893.015,4.797
27.61090,570.361,3.834
27.62100,204.691,2.297
27.63110,89.716,1.521
27.64120,79.562,1.432
27.65130,130.335,1.833
27.66140,275.825,2.666
27.67150,452.474,3.415
27.68165,379.381,3.127
27.69175,166.469,2.071
27.70185,65.180,1.296
27.71195,37.371,0.981
27.72205,26.443,0.826
27.73215,21.392,0.743
27.74225,20.670,0.730
27.75235,17.268,0.667
27.76245,13.866,0.598
27.77255,11.521,0.545
27.78265,10.464,0.519
27.79275,9.510,0.495
27.80285,7.500,0.440
27.81295,8.840,0.477
27.82310,7.706,0.446
27.83320,7.345,0.435
27.84330,6.727,0.416
27.85340,5.026,0.360
27.86350,4.124,0.326
27.87360,3.943,0.319
27.88370,3.479,0.299
27.89380,3.711,0.309
27.90390,3.479,0.299
27.91400,3.222,0.288
27.92410,3.299,0.292
27.93420,3.144,0.285
27.94430,3.144,0.285
27.95440,2.603,0.259
27.96450,3.299,0.292
27.97465,2.861,0.272
27.98475,2.526,0.255
27.99485,3.325,0.293
28.00495,2.371,0.247
28.01505,3.119,0.284
28.02515,3.067,0.281
28.03525,2.629,0.260
28.04535,2.320,0.245
28.05545,2.294,0.243
28.06555,2.165,0.236
28.07565,2.474,0.253
28.08575,2.474,0.253
28.09585,2.706,0.264
28.10595,2.320,0.245
28.11610,2.371,0.247
28.12620,2.655,0.262
28.13630,2.448,0.251
28.14640,2.603,0.259
28.15650,1.907,0.222
28.16660,2.242,0.240
28.17670,2.165,0.236
28.18680,1.701,0.209
28.19690,2.113,0.233
28.20700,2.036,0.229
28.21710,2.500,0.254
28.22720,2.139,0.235
28.23730,2.062,0.231
28.24740,2.010,0.228
28.25755,1.881,0.220
28.26765,2.294,0.243
28.27775,2.113,0.233
28.28785,1.804,0.216
28.29795,2.036,0.229
28.30805,2.010,0.228
28.31815,2.010,0.228
28.32825,1.985,0.226
28.33835,2.165,0.236
28.34845,1.753,0.213
28.35855,1.804,0.216
28.36865,2.191,0.238
28.37875,1.985,0.226
28.38885,1.804,0.216
28.39895,1.598,0.203
28.40910,1.933,0.223
28.41920,1.521,0.198
28.42930,1.624,0.205
28.43940,1.624,0.205
28.44950,1.469,0.195
28.45960,2.139,0.235
28.46970,1.804,0.216
28.47980,1.804,0.216
28.48990,1.778,0.214
28.50000,1.933,0.223
28.51010,1.985,0.226
28.52020,1.314,0.184
28.53030,1.830,0.217
28.54040,1.443,0.193
28.55055,1.443,0.193
28.56065,1.469,0.195
28.57075,1.753,0.213
28.58085,1.907,0.222
28.59095,1.546,0.200
28.60105,2.062,0.231
28.61115,1.392,0.189
28.62125,1.959,0.225
28.63135,1.675,0.208
28.64145,1.418,0.191
28.65155,1.598,0.203
28.66165,1.598,0.203
28.67175,2.268,0.242
28.68185,1.701,0.209
28.69195,2.242,0.240
28.70210,1.675,0.208
28.71220,1.572,0.201
28.72230,2.113,0.233
28.73240,1.649,0.206
28.74250,1.649,0.206
28.75260,1.624,0.205
28.76270,1.675,0.208
28.77280,1.649,0.206
28.78290,1.675,0.208
28.79300,1.546,0.200
28.80310,1.649,0.206
28.81320,1.392,0.189
28.82330,1.237,0.179
28.83340,1.237,0.179
28.84355,1.263,0.180
28.85365,1.675,0.208
28.86375,1.418,0.191
28.87385,1.340,0.186
28.88395,1.186,0.175
28.89405,0.902,0.152
28.90415,1.211,0.177
28.91425,1.546,0.200
28.92435,1.057,0.165
28.93445,1.263,0.180
28.94455,0.902,0.152
28.95465,1.469,0.195
28.96475,1.289,0.182
28.97485,0.773,0.141
28.98500,1.340,0.186
28.99510,1.211,0.177
29.00520,1.237,0.179
29.01530,1.314,0.184
29.02540,0.928,0.155
29.03550,0.979,0.159
29.04560,1.263,0.180
29.05570,1.237,0.179
29.06580,1.237,0.179
29.07590,1.186,0.175
29.08600,0.851,0.148
29.09610,1.031,0.163
29.10620,0.902,0.152
29.11630,1.134,0.171
29.12640,0.851,0.148
29.13655,0.954,0.157
29.14665,1.186,0.175
29.15675,0.593,0.124
29.16685,1.830,0.217
29.17695,1.211,0.177
29.18705,0.773,0.141
29.19715,0.825,0.146
29.20725,1.340,0.186
29.21735,1.933,0.223
29.22745,2.577,0.258
29.23755,4.845,0.353
29.24765,1.804,0.216
29.25775,2.371,0.247
29.26785,1.031,0.163
29.27800,1.031,0.163
29.28810,1.521,0.198
29.29820,1.392,0.189
29.30830,1.005,0.161
29.31840,0.902,0.152
29.32850,0.876,0.150
29.33860,1.108,0.169
29.34870,0.979,0.159
29.35880,0.619,0.126
29.36890,1.057,0.165
29.37900,0.979,0.159
29.38910,0.876,0.150
29.39920,1.005,0.161
29.40930,1.340,0.186
29.41940,1.134,0.171
29.42955,0.619,0.126
29.43965,0.825,0.146
29.44975,1.289,0.182
29.45985,1.082,0.167
29.46995,1.057,0.165
29.48005,1.289,0.182
29.49015,0.851,0.148
29.50025,0.876,0.150
29.51035,1.160,0.173
29.52045,0.567,0.121
29.53055,0.644,0.129
29.54065,0.825,0.146
29.55075,0.696,0.134
29.56085,1.031,0.163
29.57100,1.211,0.177
29.58110,1.057,0.165
29.59120,1.005,0.161
29.60130,1.314,0.184
29.61140,0.825,0.146
29.62150,1.005,0.161
29.63160,1.005,0.161
29.64170,0.851,0.148
29.65180,0.979,0.159
29.66190,1.057,0.165
29.67200,0.851,0.148
29.68210,1.160,0.173
29.69220,0.954,0.157
29.70230,1.031,0.163
29.71245,1.160,0.173
29.72255,0.876,0.150
29.73265,0.928,0.155
29.74275,0.928,0.155
29.75285,1.160,0.173
29.76295,1.160,0.173
29.77305,0.825,0.146
29.78315,0.954,0.157
29.79325,0.876,0.150
29.80335,0.825,0.146
29.81345,0.954,0.157
29.82355,0.773,0.141
29.83365,0.825,0.146
29.84375,1.031,0.163
29.85385,0.902,0.152
29.86400,1.031,0.163
29.87410,1.134,0.171
29.88420,0.876,0.150
29.89430,1.057,0.165
29.90440,1.031,0.163
29.91450,0.851,0.148
29.92460,1.314,0.184
29.93470,0.851,0.148
29.94480,0.928,0.155
29.95490,0.954,0.157
29.96500,1.211,0.177
29.97510,1.005,0.161
29.98520,1.134,0.171
29.99530,1.186,0.175
30.00545,0.722,0.136
30.01555,1.263,0.180
30.02565,0.773,0.141
30.03575,1.366,0.188
30.04585,0.954,0.157
30.05595,1.108,0.169
30.06605,0.851,0.148
30.07615,1.237,0.179
30.08625,0.979,0.159
30.09635,1.134,0.171
30.10645,0.902,0.152
30.11655,1.443,0.193
30.12665,1.366,0.188
30.13675,0.902,0.152
30.14685,1.108,0.169
30.15700,0.799,0.143
30.16710,0.799,0.143
30.17720,1.727,0.211
30.18730,1.160,0.173
30.19740,1.392,0.189
30.20750,1.211,0.177
30.21760,1.108,0.169
30.22770,1.340,0.186
30.23780,1.211,0.177
30.24790,0.902,0.152
30.25800,1.443,0.193
30.26810,1.186,0.175
30.27820,1.211,0.177
30.28830,1.160,0.173
30.29845,1.340,0.186
30.30855,1.495,0.196
30.31865,2.010,0.228
30.32875,1.727,0.211
30.33885,1.443,0.193
30.34895,1.753,0.213
30.35905,1.727,0.211
30.36915,1.778,0.214
30.37925,1.572,0.201
30.38935,1.495,0.196
30.39945,1.366,0.188
30.40955,1.418,0.191
30.41965,1.727,0.211
30.42975,1.753,0.213
30.43990,1.624,0.205
30.45000,1.753,0.213
30.46010,1.521,0.198
30.47020,1.830,0.217
30.48030,1.649,0.206
30.49040,1.366,0.188
30.50050,1.856,0.219
30.51060,1.701,0.209
30.52070,1.572,0.201
30.53080,1.727,0.211
30.54090,1.624,0.205
30.55100,1.727,0.211
30.56110,1.753,0.213
30.57120,1.495,0.196
30.58130,1.830,0.217
30.59145,1.521,0.198
30.60155,1.959,0.225
30.61165,1.804,0.216
30.62175,2.397,0.249
30.63185,1.907,0.222
30.64195,2.088,0.232
30.65205,1.985,0.226
30.66215,1.804,0.216
30.67225,2.010,0.228
30.68235,2.010,0.228
30.69245,1.959,0.225
30.70255,1.959,0.225
30.71265,1.856,0.219
30.72275,1.778,0.214
30.73290,1.804,0.216
30.74300,2.010,0.228
30.75310,1.985,0.226
30.76320,2.165,0.236
30.77330,1.546,0.200
30.78340,2.474,0.253
30.79350,2.294,0.243
30.80360,2.655,0.262
30.81370,1.649,0.206
30.82380,1.881,0.220
30.83390,1.933,0.223
30.84400,1.907,0.222
30.85410,2.139,0.235
30.86420,2.423,0.250
30.87430,2.062,0.231
30.88445,2.010,0.228
30.89455,2.113,0.233
30.90465,2.191,0.238
30.91475,2.242,0.240
30.92485,2.113,0.233
30.93495,2.448,0.251
30.94505,2.062,0.231
30.95515,2.062,0.231
30.96525,2.113,0.233
30.97535,1.830,0.217
30.98545,2.345,0.246
30.99555,2.294,0.243
31.00565,2.423,0.250
31.01575,2.345,0.246
31.02590,2.680,0.263
31.03600,2.242,0.240
31.04610,2.268,0.242
31.05620,2.448,0.251
31.06630,2.680,0.263
31.07640,2.139,0.235
31.08650,1.985,0.226
31.09660,2.603,0.259
31.10670,3.067,0.281
31.11680,2.706,0.264
31.12690,2.577,0.258
31.13700,2.474,0.253
31.14710,2.758,0.267
31.15720,2.784,0.268
31.16735,2.938,0.275
31.17745,3.041,0.280
31.18755,3.247,0.289
31.19765,3.247,0.289
31.20775,3.170,0.286
31.21785,3.144,0.285
31.22795,3.119,0.284
31.23805,2.861,0.272
31.24815,2.603,0.259
31.25825,3.041,0.280
31.26835,2.680,0.263
31.27845,3.196,0.287
31.28855,2.912,0.274
31.29865,3.711,0.309
31.30875,2.964,0.276
31.31890,3.196,0.287
31.32900,2.887,0.273
31.33910,2.809,0.269
31.34920,3.582,0.304
31.35930,3.402,0.296
31.36940,3.351,0.294
31.37950,3.531,0.302
31.38960,3.325,0.293
31.39970,3.119,0.284
31.40980,2.835,0.270
31.41990,3.273,0.290
31.43000,3.351,0.294
31.44010,3.763,0.311
31.45020,3.351,0.294
31.46035,3.737,0.310
31.47045,3.402,0.296
31.48055,4.072,0.324
31.49065,3.505,0.301
31.50075,3.428,0.297
31.51085,3.943,0.319
31.52095,4.098,0.325
31.53105,3.428,0.297
31.54115,3.634,0.306
31.55125,3.686,0.308
31.56135,3.531,0.302
31.57145,3.660,0.307
31.58155,3.428,0.297
31.59165,3.866,0.316
31.60175,4.381,0.336
31.61190,4.124,0.326
31.62200,3.943,0.319
31.63210,3.892,0.317
31.64220,3.531,0.302
31.65230,4.253,0.331
31.66240,3.634,0.306
31.67250,4.253,0.331
31.68260,4.098,0.325
31.69270,4.407,0.337
31.70280,3.969,0.320
31.71290,4.407,0.337
31.72300,4.330,0.334
31.73310,4.510,0.341
31.74320,4.072,0.324
31.75335,4.948,0.357
31.76345,4.072,0.324
31.77355,3.918,0.318
31.78365,4.407,0.337
31.79375,4.278,0.332
31.80385,4.691,0.348
31.81395,4.716,0.349
31.82405,4.588,0.344
31.83415,4.716,0.349
31.84425,4.845,0.353
31.85435,4.562,0.343
31.86445,4.871,0.354
31.87455,5.206,0.366
31.88465,4.536,0.342
31.89480,4.227,0.330
31.90490,5.052,0.361
31.91500,5.284,0.369
31.92510,5.026,0.360
31.93520,5.619,0.381
31.94530,5.361,0.372
31.95540,5.026,0.360
31.96550,4.381,0.336
31.97560,5.309,0.370
31.98570,5.722,0.384
31.99580,5.696,0.383
32.00590,5.490,0.376
32.01600,4.897,0.355
32.02610,5.309,0.370
32.03620,6.211,0.400
32.04635,5.696,0.383
32.05645,5.851,0.388
32.06655,5.799,0.387
32.07665,6.082,0.396
32.08675,6.546,0.411
32.09685,6.186,0.399
32.10695,6.366,0.405
32.11705,6.366,0.405
32.12715,6.933,0.423
32.13725,6.366,0.405
32.14735,6.649,0.414
32.15745,6.521,0.410
32.16755,6.881,0.421
32.17765,6.572,0.412
32.18780,7.139,0.429
32.19790,7.088,0.427
32.20800,7.371,0.436
32.21810,6.521,0.410
32.22820,7.500,0.440
32.23830,7.577,0.442
32.24840,7.835,0.449
32.25850,7.371,0.436
32.26860,7.912,0.452
32.27870,8.093,0.457
32.28880,8.969,0.481
32.29890,8.505,0.468
32.30900,8.892,0.479
32.31910,9.072,0.484
32.32920,9.794,0.502
32.33935,9.871,0.504
32.34945,10.799,0.528
32.35955,10.387,0.517
32.36965,10.722,0.526
32.37975,10.722,0.526
32.38985,11.005,0.533
32.39995,10.902,0.530
32.41005,11.985,0.556
32.42015,11.675,0.549
32.43025,13.247,0.584
32.44035,13.557,0.591
32.45045,15.593,0.634
32.46055,15.490,0.632
32.47065,15.619,0.634
32.48080,20.490,0.727
32.49090,22.680,0.765
32.50100,30.000,0.879
32.51110,36.418,0.969
32.52120,45.696,1.085
32.53130,52.036,1.158
32.54140,59.716,1.241
32.55150,68.479,1.329
32.56160,71.959,1.362
32.57170,75.232,1.392
32.58180,75.464,1.395
32.59190,76.340,1.403
32.60200,78.144,1.419
32.61210,83.454,1.467
32.62225,92.835,1.547
32.63235,110.412,1.687
32.64245,129.433,1.826
32.65255,163.479,2.053
32.66265,232.964,2.450
32.67275,389.742,3.169
32.68285,752.603,4.404
32.69295,1583.814,6.389
32.70305,3065.361,8.888
32.71315,3578.041,9.603
32.72325,2161.624,7.464
32.73335,904.304,4.828
32.74345,444.691,3.385
32.75355,307.191,2.814
32.76365,326.804,2.902
32.77380,490.696,3.556
32.78390,902.345,4.822
32.79400,1678.273,6.577
32.80410,2004.407,7.187
32.81420,1336.675,5.869
32.82430,599.381,3.930
32.83440,290.593,2.737
32.84450,181.701,2.164
32.85460,135.284,1.867
32.86470,109.768,1.682
32.87480,93.505,1.552
32.88490,77.165,1.410
32.89500,65.438,1.299
32.90510,54.562,1.186
32.91525,48.015,1.112
32.92535,46.263,1.092
32.93545,42.268,1.044
32.94555,42.320,1.044
32.95565,38.866,1.001
32.96575,33.711,0.932
32.97585,28.969,0.864
32.98595,25.464,0.810
32.99605,21.701,0.748
33.00615,18.840,0.697
33.01625,17.371,0.669
33.02635,15.954,0.641
33.03645,15.077,0.623
33.04655,14.974,0.621
33.05670,14.639,0.614
33.06680,13.763,0.596
33.07690,13.608,0.592
33.08700,13.454,0.589
33.09710,11.031,0.533
33.10720,12.397,0.565
33.11730,12.603,0.570
33.12740,11.546,0.546
33.13750,11.778,0.551
33.14760,11.057,0.534
33.15770,11.237,0.538
33.16780,11.340,0.541
33.17790,10.979,0.532
33.18800,9.046,0.483
33.19810,9.948,0.506
33.20825,9.639,0.498
33.21835,10.155,0.512
33.22845,9.716,0.500
33.23855,9.871,0.504
33.24865,9.716,0.500
33.25875,8.454,0.467
33.26885,8.737,0.475
33.27895,8.892,0.479
33.28905,9.175,0.486
33.29915,8.247,0.461
33.30925,9.278,0.489
33.31935,7.655,0.444
33.32945,7.577,0.442
33.33955,7.552,0.441
33.34970,8.067,0.456
33.35980,7.784,0.448
33.36990,7.887,0.451
33.38000,7.191,0.430
33.39010,7.320,0.434
33.40020,6.830,0.420
33.41030,6.804,0.419
33.42040,7.242,0.432
33.43050,6.727,0.416
33.44060,6.366,0.405
33.45070,6.701,0.416
33.46080,6.598,0.412
33.47090,6.753,0.417
33.48100,6.521,0.410
33.49110,6.392,0.406
33.50125,6.057,0.395
33.51135,6.082,0.396
33.52145,6.727,0.416
33.53155,5.747,0.385
33.54165,6.649,0.414
33.55175,5.876,0.389
33.56185,6.727,0.416
33.57195,5.876,0.389
33.58205,5.876,0.389
33.59215,6.082,0.396
33.60225,5.902,0.390
33.61235,6.366,0.405
33.62245,5.825,0.387
33.63255,5.619,0.381
33.64270,5.567,0.379
33.65280,4.923,0.356
33.66290,5.541,0.378
33.67300,5.902,0.390
33.68310,5.129,0.364
33.69320,5.155,0.364
33.70330,5.077,0.362
33.71340,4.974,0.358
33.72350,5.052,0.361
33.73360,4.691,0.348
33.74370,5.361,0.372
33.75380,5.155,0.364
33.76390,5.026,0.360
33.77400,4.794,0.351
33.78415,5.670,0.382
33.79425,5.000,0.359
33.80435,5.206,0.366
33.81445,5.026,0.360
33.82455,4.407,0.337
33.83465,5.284,0.369
33.84475,4.407,0.337
33.85485,4.072,0.324
33.86495,4.871,0.354
33.87505,4.871,0.354
33.88515,3.711,0.309
33.89525,4.536,0.342
33.90535,6.830,0.420
33.91545,10.644,0.524
33.92555,11.134,0.536
33.93570,7.345,0.435
33.94580,6.005,0.393
33.95590,4.742,0.350
33.96600,4.716,0.349
33.97610,3.505,0.301
33.98620,4.562,0.343
33.99630,4.562,0.343
34.00640,3.866,0.316
34.01650,4.278,0.332
34.02660,4.098,0.325
34.03670,4.098,0.325
34.04680,4.124,0.326
34.05690,3.918,0.318
34.06700,3.686,0.308
34.07715,3.969,0.320
34.08725,3.866,0.316
34.09735,3.943,0.319
34.10745,4.175,0.328
34.11755,3.995,0.321
34.12765,3.918,0.318
34.13775,3.634,0.306
34.14785,3.789,0.312
34.15795,3.969,0.320
34.16805,3.995,0.321
34.17815,4.098,0.325
34.18825,3.763,0.311
34.19835,3.892,0.317
34.20845,4.149,0.327
34.21855,3.789,0.312
34.22870,4.381,0.336
34.23880,3.892,0.317
34.24890,3.660,0.307
34.25900,3.918,0.318
34.26910,3.840,0.315
34.27920,3.737,0.310
34.28930,3.505,0.301
34.29940,3.067,0.281
34.30950,3.557,0.303
34.31960,3.814,0.314
34.32970,3.067,0.281
34.33980,3.531,0.302
34.34990,3.325,0.293
34.36000,3.608,0.305
34.37015,3.660,0.307
34.38025,3.015,0.279
34.39035,3.660,0.307
34.40045,3.479,0.299
34.41055,3.299,0.292
34.42065,3.325,0.293
34.43075,3.325,0.293
34.44085,3.866,0.316
34.45095,3.119,0.284
34.46105,3.402,0.296
34.47115,3.325,0.293
34.48125,3.325,0.293
34.49135,3.170,0.286
34.50145,2.964,0.276
34.51160,3.582,0.304
34.52170,3.067,0.281
34.53180,3.170,0.286
34.54190,3.376,0.295
34.55200,3.144,0.285
34.56210,3.479,0.299
34.57220,3.454,0.298
34.58230,3.144,0.285
34.59240,3.041,0.280
34.60250,3.814,0.314
34.61260,3.479,0.299
34.62270,3.222,0.288
34.63280,2.938,0.275
34.64290,2.809,0.269
34.65300,3.119,0.284
34.66315,3.015,0.279
34.67325,3.041,0.280
34.68335,3.247,0.289
34.69345,2.732,0.265
34.70355,2.706,0.264
34.71365,2.809,0.269
34.72375,2.629,0.260
34.73385,2.809,0.269
34.74395,2.990,0.278
34.75405,2.577,0.258
34.76415,3.041,0.280
34.77425,3.247,0.289
34.78435,3.273,0.290
34.79445,2.680,0.263
34.80460,3.196,0.287
34.81470,2.732,0.265
34.82480,2.758,0.267
34.83490,2.500,0.254
34.84500,2.552,0.256
34.85510,2.938,0.275
34.86520,3.067,0.281
34.87530,2.758,0.267
34.88540,3.119,0.284
34.89550,2.500,0.254
34.90560,2.938,0.275
34.91570,2.887,0.273
34.92580,2.809,0.269
34.93590,2.371,0.247
34.94600,2.732,0.265
34.95615,2.835,0.270
34.96625,2.655,0.262
34.97635,2.500,0.254
34.98645,2.835,0.270
34.99655,2.732,0.265
35.00665,3.247,0.289
35.01675,2.912,0.274
35.02685,2.758,0.267
35.03695,2.809,0.269
35.04705,3.067,0.281
35.05715,2.758,0.267
35.06725,2.706,0.264
35.07735,3.015,0.279
35.08745,2.887,0.273
35.09760,2.861,0.272
35.10770,2.603,0.259
35.11780,2.448,0.251
35.12790,2.577,0.258
35.13800,2.964,0.276
35.14810,2.680,0.263
35.15820,2.139,0.235
35.16830,2.474,0.253
35.17840,2.216,0.239
35.18850,2.345,0.246
35.19860,2.964,0.276
35.20870,2.268,0.242
35.21880,2.474,0.253
35.22890,2.990,0.278
35.23905,2.784,0.268
35.24915,3.015,0.279
35.25925,2.397,0.249
35.26935,2.629,0.260
35.27945,2.732,0.265
35.28955,2.500,0.254
35.29965,2.139,0.235
35.30975,1.985,0.226
35.31985,2.732,0.265
35.32995,2.113,0.233
35.34005,2.268,0.242
35.35015,2.809,0.269
35.36025,2.526,0.255
35.37035,2.345,0.246
35.38045,3.093,0.282
35.39060,2.423,0.250
35.40070,2.423,0.250
35.41080,2.809,0.269
35.42090,2.500,0.254
35.43100,3.015,0.279
35.44110,2.371,0.247
35.45120,2.500,0.254
35.46130,2.732,0.265
35.47140,3.531,0.302
35.48150,2.706,0.264
35.49160,2.835,0.270
35.50170,2.320,0.245
35.51180,2.938,0.275
35.52190,2.397,0.249
35.53205,2.474,0.253
35.54215,2.500,0.254
35.55225,2.912,0.274
35.56235,2.964,0.276
35.57245,2.448,0.251
35.58255,2.577,0.258
35.59265,2.603,0.259
35.60275,3.299,0.292
35.61285,2.474,0.253
35.62295,2.680,0.263
35.63305,3.093,0.282
35.64315,2.629,0.260
35.65325,2.526,0.255
35.66335,2.964,0.276
35.67345,2.655,0.262
35.68360,2.294,0.243
35.69370,2.732,0.265
35.70380,2.964,0.276
35.71390,2.758,0.267
35.72400,3.093,0.282
35.73410,2.294,0.243
35.74420,3.222,0.288
35.75430,3.067,0.281
35.76440,2.887,0.273
35.77450,3.041,0.280
35.78460,3.067,0.281
35.79470,2.603,0.259
35.80480,2.938,0.275
35.81490,2.758,0.267
35.82505,3.067,0.281
35.83515,3.170,0.286
35.84525,3.119,0.284
35.85535,3.119,0.284
35.86545,2.809,0.269
35.87555,2.938,0.275
35.88565,2.809,0.269
35.89575,3.376,0.295
35.90585,3.119,0.284
35.91595,3.170,0.286
35.92605,3.376,0.295
35.93615,2.758,0.267
35.94625,2.603,0.259
35.95635,3.093,0.282
35.96650,3.196,0.287
35.97660,2.912,0.274
35.98670,3.170,0.286
35.99680,3.505,0.301
36.00690,3.376,0.295
36.01700,3.557,0.303
36.02710,3.531,0.302
36.03720,3.041,0.280
36.04730,3.273,0.290
36.05740,3.505,0.301
36.06750,3.711,0.309
36.07760,3.170,0.286
36.08770,3.351,0.294
36.09780,3.943,0.319
36.10790,3.582,0.304
36.11805,3.557,0.303
36.12815,3.170,0.286
36.13825,3.608,0.305
36.14835,3.608,0.305
36.15845,3.479,0.299
36.16855,3.995,0.321
36.17865,3.454,0.298
36.18875,3.789,0.312
36.19885,3.222,0.288
36.20895,3.634,0.306
36.21905,3.402,0.296
36.22915,4.433,0.338
36.23925,3.892,0.317
36.24935,4.149,0.327
36.25950,3.479,0.299
36.26960,4.330,0.334
36.27970,5.052,0.361
36.28980,4.510,0.341
36.29990,4.304,0.333
36.31000,3.943,0.319
36.32010,4.149,0.327
36.33020,3.686,0.308
36.34030,3.763,0.311
36.35040,3.840,0.315
36.36050,4.278,0.332
36.37060,3.892,0.317
36.38070,3.918,0.318
36.39080,4.175,0.328
36.40090,4.381,0.336
36.41105,3.763,0.311
36.42115,4.356,0.335
36.43125,4.433,0.338
36.44135,4.227,0.330
36.45145,5.000,0.359
36.46155,4.691,0.348
36.47165,4.923,0.356
36.48175,4.536,0.342
36.49185,4.356,0.335
36.50195,5.077,0.362
36.51205,4.871,0.354
36.52215,4.562,0.343
36.53225,5.052,0.361
36.54235,4.948,0.357
36.55250,5.129,0.364
36.56260,4.897,0.355
36.57270,4.845,0.353
36.58280,4.716,0.349
36.59290,4.871,0.354
36.60300,4.820,0.352
36.61310,4.588,0.344
36.62320,5.619,0.381
36.63330,4.897,0.355
36.64340,4.974,0.358
36.65350,4.588,0.344
36.66360,5.103,0.363
36.67370,5.515,0.377
36.68380,5.180,0.365
36.69395,5.309,0.370
36.70405,5.567,0.379
36.71415,5.825,0.387
36.72425,5.129,0.364
36.73435,4.948,0.357
36.74445,4.871,0.354
36.75455,5.026,0.360
36.76465,5.515,0.377
36.77475,5.619,0.381
36.78485,5.515,0.377
36.79495,5.773,0.386
36.80505,5.464,0.375
36.81515,5.180,0.365
36.82525,5.747,0.385
36.83535,5.644,0.381
36.84550,5.851,0.388
36.85560,6.211,0.400
36.86570,5.670,0.382
36.87580,5.619,0.381
36.88590,6.005,0.393
36.89600,5.876,0.389
36.90610,5.876,0.389
36.91620,6.392,0.406
36.92630,5.851,0.388
36.93640,6.546,0.411
36.94650,5.619,0.381
36.95660,5.619,0.381
36.96670,6.057,0.395
36.97680,6.314,0.403
36.98695,6.675,0.415
36.99705,6.572,0.412
37.00715,7.036,0.426
37.01725,6.392,0.406
37.02735,6.186,0.399
37.03745,6.418,0.407
37.04755,6.418,0.407
37.05765,6.856,0.420
37.06775,6.856,0.420
37.07785,6.546,0.411
37.08795,6.160,0.398
37.09805,7.010,0.425
37.10815,7.088,0.427
37.11825,6.856,0.420
37.12835,6.778,0.418
37.13850,6.572,0.412
37.14860,6.985,0.424
37.15870,6.959,0.423
37.16880,6.856,0.420
37.17890,7.113,0.428
37.18900,7.320,0.434
37.19910,7.371,0.436
37.20920,7.861,0.450
37.21930,8.299,0.462
37.22940,7.526,0.440
37.23950,7.758,0.447
37.24960,7.320,0.434
37.25970,7.809,0.449
37.26980,8.737,0.475
37.27995,8.015,0.455
37.29005,7.912,0.452
37.30015,8.325,0.463
37.31025,7.964,0.453
37.32035,7.964,0.453
37.33045,8.299,0.462
37.34055,8.711,0.474
37.35065,8.814,0.477
37.36075,8.711,0.474
37.37085,9.227,0.488
37.38095,9.021,0.482
37.39105,7.655,0.444
37.40115,9.021,0.482
37.41125,8.918,0.479
37.42140,8.582,0.470
37.43150,9.433,0.493
37.44160,9.485,0.494
37.45170,9.124,0.485
37.46180,11.418,0.542
37.47190,9.510,0.495
37.48200,9.897,0.505
37.49210,10.335,0.516
37.50220,9.510,0.495
37.51230,9.974,0.507
37.52240,9.613,0.498
37.53250,10.515,0.521
37.54260,10.825,0.528
37.55270,10.515,0.521
37.56280,11.211,0.538
37.57295,10.876,0.529
37.58305,11.495,0.544
37.59315,11.366,0.541
37.60325,11.546,0.546
37.61335,10.825,0.528
37.62345,12.397,0.565
37.63355,13.660,0.593
37.64365,12.242,0.562
37.65375,13.093,0.581
37.66385,12.912,0.577
37.67395,12.371,0.565
37.68405,13.093,0.581
37.69415,13.531,0.591
37.70425,13.402,0.588
37.71440,16.031,0.643
37.72450,15.335,0.629
37.73460,16.082,0.644
37.74470,16.314,0.648
37.75480,16.340,0.649
37.76490,17.552,0.673
37.77500,17.526,0.672
37.78510,18.686,0.694
37.79520,19.716,0.713
37.80530,20.825,0.733
37.81540,22.397,0.760
37.82550,21.211,0.739
37.83560,21.933,0.752
37.84570,24.072,0.788
37.85580,24.716,0.798
37.86595,28.428,0.856
37.87605,31.443,0.900
37.88615,35.876,0.962
37.89625,41.237,1.031
37.90635,49.948,1.135
37.91645,62.758,1.272
37.92655,72.577,1.368
37.93665,82.706,1.460
37.94675,89.124,1.516
37.95685,96.134,1.574
37.96695,97.165,1.582
37.97705,100.773,1.612
37.98715,100.515,1.610
37.99725,105.541,1.649
38.00740,109.485,1.680
38.01750,116.959,1.736
38.02760,122.938,1.780
38.03770,139.691,1.897
38.04780,163.582,2.053
38.05790,193.093,2.231
38.06800,243.376,2.505
38.07810,317.036,2.859
38.08820,467.706,3.472
38.09830,773.247,4.464
38.10840,1401.134,6.009
38.11850,2797.500,8.491
38.12860,4434.175,10.690
38.13870,4094.588,10.273
38.14885,2275.619,7.658
38.15895,1124.665,5.384
38.16905,628.376,4.024
38.17915,430.773,3.332
38.18925,367.732,3.079
38.19935,401.263,3.216
38.20945,537.474,3.722
38.21955,888.402,4.785
38.22965,1653.608,6.528
38.23975,2535.412,8.084
38.24985,2450.464,7.947
38.25995,1490.258,6.197
38.27005,743.299,4.377
38.28015,409.175,3.247
38.29025,269.072,2.633
38.30040,200.541,2.273
38.31050,153.943,1.992
38.32060,122.912,1.780
38.33070,103.582,1.634
38.34080,95.284,1.567
38.35090,86.546,1.494
38.36100,80.670,1.442
38.37110,75.077,1.391
38.38120,70.258,1.346
38.39130,69.845,1.342
38.40140,59.381,1.237
38.41150,52.526,1.164
38.42160,45.876,1.087
38.43170,39.149,1.004
38.44185,32.784,0.919
38.45195,31.959,0.908
38.46205,29.304,0.869
38.47215,27.887,0.848
38.48225,27.268,0.838
38.49235,24.897,0.801
38.50245,23.737,0.782
38.51255,23.428,0.777
38.52265,22.397,0.760
38.53275,22.887,0.768
38.54285,21.211,0.739
38.55295,19.381,0.707
38.56305,20.438,0.726
38.57315,20.696,0.730
38.58325,17.964,0.680
38.59340,17.629,0.674
38.60350,18.505,0.691
38.61360,16.907,0.660
38.62370,16.546,0.653
38.63380,14.820,0.618
38.64390,17.010,0.662
38.65400,16.701,0.656
38.66410,15.825,0.639
38.67420,14.124,0.603
38.68430,13.763,0.596
38.69440,14.536,0.612
38.70450,14.149,0.604
38.71460,13.789,0.596
38.72470,13.196,0.583
38.73485,13.351,0.587
38.74495,12.603,0.570
38.75505,12.758,0.573
38.76515,13.144,0.582
38.77525,12.242,0.562
38.78535,12.139,0.559
38.79545,11.959,0.555
38.80555,11.572,0.546
38.81565,11.572,0.546
38.82575,11.108,0.535
38.83585,10.954,0.531
38.84595,11.031,0.533
38.85605,11.186,0.537
38.86615,11.211,0.538
38.87630,11.366,0.541
38.88640,9.768,0.502
38.89650,9.433,0.493
38.90660,9.897,0.505
38.91670,10.206,0.513
38.92680,9.227,0.488
38.93690,9.510,0.495
38.94700,9.304,0.490
38.95710,10.180,0.512
38.96720,9.716,0.500
38.97730,9.485,0.494
38.98740,8.763,0.475
38.99750,9.072,0.484
39.00760,9.381,0.492
39.01770,9.768,0.502
39.02785,9.046,0.483
39.03795,9.046,0.483
39.04805,9.072,0.484
39.05815,8.170,0.459
39.06825,8.299,0.462
39.07835,7.938,0.452
39.08845,8.789,0.476
39.09855,6.778,0.418
39.10865,8.222,0.460
39.11875,7.655,0.444
39.12885,7.887,0.451
39.13895,7.577,0.442
39.14905,8.660,0.472
39.15915,7.655,0.444
39.16930,7.706,0.446
39.17940,7.861,0.450
39.18950,8.247,0.461
39.19960,7.268,0.433
39.20970,6.675,0.415
39.21980,7.526,0.440
39.22990,7.320,0.434
39.24000,6.830,0.420
39.25010,7.216,0.431
39.26020,7.448,0.438
39.27030,7.268,0.433
39.28040,6.443,0.408
39.29050,7.242,0.432
39.30060,6.804,0.419
39.31075,6.649,0.414
39.32085,6.675,0.415
39.33095,6.804,0.419
39.34105,6.598,0.412
39.35115,6.314,0.403
39.36125,6.856,0.420
39.37135,6.495,0.409
39.38145,6.778,0.418
39.39155,6.082,0.396
39.40165,6.598,0.412
39.41175,6.418,0.407
39.42185,6.598,0.412
39.43195,6.005,0.393
39.44205,6.778,0.418
39.45215,6.186,0.399
39.46230,5.129,0.364
39.47240,5.438,0.374
39.48250,5.515,0.377
39.49260,6.340,0.404
39.50270,6.314,0.403
39.51280,5.851,0.388
39.52290,5.567,0.379
39.53300,5.902,0.390
39.54310,6.237,0.401
39.55320,5.438,0.374
39.56330,5.180,0.365
39.57340,5.851,0.388
39.58350,5.206,0.366
39.59360,5.129,0.364
39.60375,5.696,0.383
39.61385,5.232,0.367
39.62395,5.567,0.379
39.63405,6.005,0.393
39.64415,5.902,0.390
39.65425,5.670,0.382
39.66435,5.644,0.381
39.67445,5.206,0.366
39.68455,4.974,0.358
39.69465,5.103,0.363
39.70475,5.103,0.363
39.71485,5.077,0.362
39.72495,5.361,0.372
39.73505,5.361,0.372
39.74515,5.026,0.360
39.75530,4.562,0.343
39.76540,5.412,0.373
39.77550,4.742,0.350
39.78560,4.768,0.351
39.79570,4.485,0.340
39.80580,4.923,0.356
39.81590,5.412,0.373
39.82600,5.387,0.373
39.83610,5.129,0.364
39.84620,4.871,0.354
39.85630,5.129,0.364
39.86640,4.278,0.332
39.87650,4.691,0.348
39.88660,4.794,0.351
39.89675,4.923,0.356
39.90685,4.485,0.340
39.91695,3.866,0.316
39.92705,4.227,0.330
39.93715,4.433,0.338
39.94725,4.381,0.336
39.95735,5.052,0.361
39.96745,4.072,0.324
39.97755,3.943,0.319
39.98765,4.923,0.356
39.99775,4.098,0.325
40.00785,3.686,0.308
40.01795,3.660,0.307
